11111111 00000000 00000000 00001001 00000001 00000000 00000100 00001000 
00010101 00100100 10110011 00001001 00000001 00000000 00000100 00001100 
00010110 00100100 11000001 11111111 01111111 00000000 00000000 00000110 
00000001 00000000 00000100 00001000 00010111 00100100 10110011 00000110 
00000001 00000000 00000100 00001100 00011000 00100100 11000101 11111111 
11111111 00000000 00000000 00001001 00000001 00000000 00000100 00001000 
00011001 00100100 10110011 00001001 00000001 00000000 00000100 00001100 
00011010 00100100 11000001 11111111 01111111 00000000 00000000 00000110 
00000001 00000000 00000100 00001000 00011011 00100100 10110011 00000110 
00000001 00000000 00000100 00001100 00011100 00100100 11000101 11111111 
11111111 00000000 00000000 00001001 00000001 00000000 00000100 00001000 
00011101 00100100 10110011 00001001 00000001 00000000 00000100 00001100 
00011110 00100100 11000001 11111111 01111111 00000000 00000000 00000110 
00000001 00000000 00000100 00001000 00011111 00100100 10110011 00000110 
00000001 00000000 00000100 00001100 00100000 00100100 11000101 11111111 
11111111 00000000 00000000 00001001 00000001 00000000 00000100 00001000 
00100001 00100100 10110011 00001001 00000001 00000000 00000100 00001100 
00100010 00100100 11000001 11111111 01111111 00000000 00000000 00000110 
00000001 00000000 00000100 00001000 00100011 00100100 10110011 00000110 
00000001 00000000 00000100 00001100 00100100 00100100 11000101 11111111 
11111111 00000000 00000000 00001001 00000001 00000000 00000100 00001000 
00100101 00100100 10110011 00001001 00000001 00000000 00000100 00001100 
00100110 00100100 11000001 11111111 01111111 00000000 00000000 00000110 
00000001 00000000 00000100 00001000 00100111 00100100 10110011 00000110 
00000001 00000000 00000100 00001100 00101000 00100100 11000101 11111111 
11111111 00000000 00000000 00001001 00000001 00000000 00000100 00001000 
00101001 00100100 10110011 00001001 00000001 00000000 00000100 00001100 
00101010 00100100 11000001 11111111 01111111 00000000 00000000 00000110 
00000001 00000000 00000100 00001000 00101011 00100100 10110011 00000110 
00000001 00000000 00000100 00001100 00101100 00100100 11000101 11111111 
11111111 00000000 00000000 00001001 00000001 00000000 00000100 00001000 
00101101 00100100 10110011 00001001 00000001 00000000 00000100 00001100 
00101110 00100100 11000001 11111111 01111111 00000000 00000000 00000110 
00000001 00000000 00000100 00001000 00101111 00100100 10110011 00000110 
00000001 00000000 00000100 00001100 00110000 00100100 11000101 11111111 
11111111 00000000 00000000 00001001 00000001 00000000 00000100 00001000 
00110001 00100100 10110011 00001001 00000001 00000000 00000100 00001100 
00110010 00100100 11000001 11111111 01111111 00000000 00000000 00000110 
00000001 00000000 00000100 00001000 00110011 00100100 10110011 00000110 
00000001 00000000 00000100 00001100 00110100 00100100 11000101 11111111 
11111111 00000000 00000000 00001001 00000001 00000000 00000100 00001000 
00110101 00100100 10110011 00001001 00000001 00000000 00000100 00001100 
00110110 00100100 11000001 11111111 01111111 00000000 00000000 00000110 
00000001 00000000 00000100 00001000 00110111 00100100 10110011 00000110 
00000001 00000000 00000100 00001100 00111000 00100100 11000101 11111111 
11111111 00000000 00000000 00001001 00000001 00000000 00000100 00001000 
00111001 00100100 10110011 00001001 00000001 00000000 00000100 00001100 
00111010 00100100 11000001 11111111 01111111 00000000 00000000 00000110 
00000001 00000000 00000100 00001000 00111011 00100100 10110011 00000110 
00000001 00000000 00000100 00001100 00111100 00100100 11000101 11111111 
11111111 00000000 00000000 00001001 00000001 00000000 00000100 00001000 
00111101 00100100 10110011 00001001 00000001 00000000 00000100 00001100 
00111110 00100100 11000001 11111111 01111111 00000000 00000000 00000110 
00000001 00000000 00000100 00001000 00111111 00100100 10110011 00000110 
00000001 00000000 00000100 00001100 01000000 00100100 11000101 11111111 
11111111 00000000 00000000 00001001 00000001 00000000 00000100 00001000 
01000001 00100100 10110011 00001001 00000001 00000000 00000100 00001100 
01000010 00100100 11000001 11111111 01111111 00000000 00000000 00000110 
00000001 00000000 00000100 00001000 01000011 00100100 10110011 00000110 
00000001 00000000 00000100 00001100 01000100 00100100 11000101 11111111 
11111111 00000000 00000000 00001001 00000001 00000000 00000100 00001000 
01000101 00100100 10110011 00001001 00000001 00000000 00000100 00001100 
01000110 00100100 11000001 11111111 01111111 00000000 00000000 00000110 
00000001 00000000 00000100 00001000 01000111 00100100 10110011 00000110 
00000001 00000000 00000100 00001100 01001000 00100100 11000101 11111111 
11111111 00000000 00000000 00001001 00000001 00000000 00000100 00001000 
01001001 00100100 10110011 00001001 00000001 00000000 00000100 00001100 
01001010 00100100 11000001 11111111 01111111 00000000 00000000 00000110 
00000001 00000000 00000100 00001000 01001011 00100100 10110011 00000110 
00000001 00000000 00000100 00001100 01001100 00100100 11000101 11111111 
11111111 00000000 00000000 00001001 00000001 00000000 00000100 00001000 
01001101 00100100 10110011 00001001 00000001 00000000 00000100 00001100 
01001110 00100100 11000001 11111111 01111111 00000000 00000000 00000110 
00000001 00000000 00000100 00001000 01001111 00100100 10110011 00000110 
00000001 00000000 00000100 00001100 01010000 00100100 11000101 11111111 
11111111 00000000 00000000 00001001 00000001 00000000 00000100 00001000 
01010001 00100100 10110011 00001001 00000001 00000000 00000100 00001100 
01010010 00100100 11000001 11111111 01111111 00000000 00000000 00000110 
00000001 00000000 00000100 00001000 01010011 00100100 10110011 00000110 
00000001 00000000 00000100 00001100 01010100 00100100 11000101 11111111 
11111111 00000000 00000000 00001001 00000001 00000000 00000100 00001000 
01010101 00100100 10110011 00001001 00000001 00000000 00000100 00001100 
01010110 00100100 11000001 11111111 01111111 00000000 00000000 00000110 
00000001 00000000 00000100 00001000 01010111 00100100 10110011 00000110 
00000001 00000000 00000100 00001100 01011000 00100100 11000101 11111111 
11111111 00000000 00000000 00001001 00000001 00000000 00000100 00001000 
01011001 00100100 10110011 00001001 00000001 00000000 00000100 00001100 
01011010 00100100 11000001 11111111 01111111 00000000 00000000 00000110 
00000001 00000000 00000100 00001000 01011011 00100100 10110011 00000110 
00000001 00000000 00000100 00001100 01011100 00100100 11000101 11111111 
11111111 00000000 00000000 00001001 00000001 00000000 00000100 00001000 
01011101 00100100 10110011 00001001 00000001 00000000 00000100 00001100 
01011110 00100100 11000001 11111111 01111111 00000000 00000000 00000110 
00000001 00000000 00000100 00001000 01011111 00100100 10110011 00000110 
00000001 00000000 00000100 00001100 01100000 00100100 11000101 11111111 
11111111 00000000 00000000 00001001 00000001 00000000 00000100 00001000 
01100001 00100100 10110011 00001001 00000001 00000000 00000100 00001100 
01100010 00100100 11000001 11111111 01111111 00000000 00000000 00000110 
00000001 00000000 00000100 00001000 01100011 00100100 10110011 00000110 
00000001 00000000 00000100 00001100 01100100 00100100 11000101 11111111 
11111111 00000000 00000000 00001001 00000001 00000000 00000100 00001000 
01100101 00100100 10110011 00001001 00000001 00000000 00000100 00001100 
01100110 00100100 11000001 11111111 01111111 00000000 00000000 00000110 
00000001 00000000 00000100 00001000 01100111 00100100 10110011 00000110 
00000001 00000000 00000100 00001100 01101000 00100100 11000101 11111111 
11111111 00000000 00000000 00001001 00000001 00000000 00000100 00001000 
01101001 00100100 10110011 00001001 00000001 00000000 00000100 00001100 
01101010 00100100 11000001 11111111 01111111 00000000 00000000 00000110 
00000001 00000000 00000100 00001000 01101011 00100100 10110011 00000110 
00000001 00000000 00000100 00001100 01101100 00100100 11000101 11111111 
11111111 00000000 00000000 00001001 00000001 00000000 00000100 00001000 
01101101 00100100 10110011 00001001 00000001 00000000 00000100 00001100 
01101110 00100100 11000001 11111111 01111111 00000000 00000000 00000110 
00000001 00000000 00000100 00001000 01101111 00100100 10110011 00000110 
00000001 00000000 00000100 00001100 01110000 00100100 11000101 11111111 
11111111 00000000 00000000 00001001 00000001 00000000 00000100 00001000 
01110001 00100100 10110011 00001001 00000001 00000000 00000100 00001100 
01110010 00100100 11000001 11111111 01111111 00000000 00000000 00000110 
00000001 00000000 00000100 00001000 01110011 00100100 10110011 00000110 
00000001 00000000 00000100 00001100 01110100 00100100 11000101 11111111 
11111111 00000000 00000000 00001001 00000001 00000000 00000100 00001000 
01110101 00100100 10110011 00001001 00000001 00000000 00000100 00001100 
01110110 00100100 11000001 11111111 01111111 00000000 00000000 00000110 
00000001 00000000 00000100 00001000 01110111 00100100 10110011 00000110 
00000001 00000000 00000100 00001100 01111000 00100100 11000101 11111111 
11111111 00000000 00000000 00001001 00000001 00000000 00000100 00001000 
01111001 00100100 10110011 00001001 00000001 00000000 00000100 00001100 
01111010 00100100 11000001 11111111 01111111 00000000 00000000 00000110 
00000001 00000000 00000100 00001000 01111011 00100100 10110011 00000110 
00000001 00000000 00000100 00001100 01111100 00100100 11000101 11111111 
11111111 00000000 00000000 00001001 00000001 00000000 00000100 00001000 
01111101 00100100 10110011 00001001 00000001 00000000 00000100 00001100 
01111110 00100100 11000001 11111111 01111111 00000000 00000000 00000110 
00000001 00000000 00000100 00001000 01111111 00100100 10110011 00000110 
00000001 00000000 00000100 00001100 10000000 00100100 11000101 11111111 
11111111 00000000 00000000 00001001 00000001 00000000 00000100 00000000 
00000000 00000000 00000000 00000000 00000000 00000000 00000000 00000000 
00000000 00000000 00000000 00000000 00000000 00001000 10000001 00100100 
10110011 00001001 00000001 00000000 00000100 00001100 10000010 00100100 
11000001 11111111 01111111 00000000 00000000 00000110 00000001 00000000 
00000100 00001000 10000011 00100100 10110011 00000110 00000001 00000000 
00000100 00001100 10000100 00100100 11000101 11111111 11111111 00000000 
00000000 00001001 00000001 00000000 00000100 00001000 10000101 00100100 
10110011 00001001 00000001 00000000 00000100 00001100 10000110 00100100 
11000001 11111111 01111111 00000000 00000000 00000110 00000001 00000000 
00000100 00001000 10000111 00100100 10110011 00000110 00000001 00000000 
00000100 00001100 10001000 00100100 11000101 11111111 11111111 00000000 
00000000 00001001 00000001 00000000 00000100 00001000 10001001 00100100 
10110011 00001001 00000001 00000000 00000100 00001100 10001010 00100100 
11000001 11111111 01111111 00000000 00000000 00000110 00000001 00000000 
00000100 00001000 10001011 00100100 10110011 00000110 00000001 00000000 
00000100 00001100 10001100 00100100 11000101 11111111 11111111 00000000 
00000000 00001001 00000001 00000000 00000100 00001000 10001101 00100100 
10110011 00001001 00000001 00000000 00000100 00001100 10001110 00100100 
11000001 11111111 01111111 00000000 00000000 00000110 00000001 00000000 
00000100 00001000 10001111 00100100 10110011 00000110 00000001 00000000 
00000100 00001100 10010000 00100100 11000101 11111111 11111111 00000000 
00000000 00001001 00000001 00000000 00000100 00001000 10010001 00100100 
10110011 00001001 00000001 00000000 00000100 00001100 10010010 00100100 
11000001 11111111 01111111 00000000 00000000 00000110 00000001 00000000 
00000100 00001000 10010011 00100100 10110011 00000110 00000001 00000000 
00000100 00001100 10010100 00100100 11000101 11111111 11111111 00000000 
00000000 00001001 00000001 00000000 00000100 00001000 10010101 00100100 
10110011 00001001 00000001 00000000 00000100 00001100 10010110 00100100 
11000001 11111111 01111111 00000000 00000000 00000110 00000001 00000000 
00000100 00001000 10010111 00100100 10110011 00000110 00000001 00000000 
00000100 00001100 10011000 00100100 11000101 11111111 11111111 00000000 
00000000 00001001 00000001 00000000 00000100 00001000 10011001 00100100 
10110011 00001001 00000001 00000000 00000100 00001100 10011010 00100100 
11000001 11111111 01111111 00000000 00000000 00000110 00000001 00000000 
00000100 00001000 10011011 00100100 10110011 00000110 00000001 00000000 
00000100 00001100 10011100 00100100 11000101 11111111 11111111 00000000 
00000000 00001001 00000001 00000000 00000100 00001000 10011101 00100100 
10110011 00001001 00000001 00000000 00000100 00001100 10011110 00100100 
11000001 11111111 01111111 00000000 00000000 00000110 00000001 00000000 
00000100 00001000 10011111 00100100 10110011 00000110 00000001 00000000 
00000100 00001100 10100000 00100100 11000101 11111111 11111111 00000000 
00000000 00001001 00000001 00000000 00000100 00001000 10100001 00100100 
10110011 00001001 00000001 00000000 00000100 00001100 10100010 00100100 
11000001 11111111 01111111 00000000 00000000 00000110 00000001 00000000 
00000100 00001000 10100011 00100100 10110011 00000110 00000001 00000000 
00000100 00001100 10100100 00100100 11000101 11111111 11111111 00000000 
00000000 00001001 00000001 00000000 00000100 00001000 10100101 00100100 
10110011 00001001 00000001 00000000 00000100 00001100 10100110 00100100 
11000001 11111111 01111111 00000000 00000000 00000110 00000001 00000000 
00000100 00001000 10100111 00100100 10110011 00000110 00000001 00000000 
00000100 00001100 10101000 00100100 11000101 11111111 11111111 00000000 
00000000 00001001 00000001 00000000 00000100 00001000 10101001 00100100 
10110011 00001001 00000001 00000000 00000100 00001010 10101010 00100100 
10110101 01111111 00001111 00001010 00000001 00000000 00000100 00001000 
10101011 00100100 10110011 00000100 00000001 00000000 00000100 00001100 
10101100 00100100 11000101 11111111 11111111 00000000 00000000 00000111 
00000001 00000000 00000100 00001000 10101101 00100100 10110011 00000111 
00000001 00000000 00000100 00001100 10101110 00100100 11000101 11111111 
11111111 00000000 00000000 00001010 00000001 00000000 00000100 00001000 
10101111 00100100 10110011 00000100 00000001 00000000 00000100 00001100 
10110000 00100100 11000101 11111111 11111111 00000000 00000000 00000111 
00000001 00000000 00000100 00001000 10110001 00100100 10110011 00000111 
00000001 00000000 00000100 00001100 10110010 00100100 11000101 11111111 
11111111 00000000 00000000 00001010 00000001 00000000 00000100 00001000 
10110011 00100100 10110011 00000100 00000001 00000000 00000100 00001100 
10110100 00100100 11000101 11111111 11111111 00000000 00000000 00000111 
00000001 00000000 00000100 00001000 10110101 00100100 10110011 00000111 
00000001 00000000 00000100 00001100 10110110 00100100 11000101 11111111 
11111111 00000000 00000000 00001010 00000001 00000000 00000100 00001000 
10110111 00100100 10110011 00000100 00000001 00000000 00000100 00001100 
10111000 00100100 11000101 11111111 11111111 00000000 00000000 00000111 
00000001 00000000 00000100 00001000 10111001 00100100 10110011 00000111 
00000001 00000000 00000100 00001100 10111010 00100100 11000101 11111111 
11111111 00000000 00000000 00001010 00000001 00000000 00000100 00001000 
10111011 00100100 10110011 00000100 00000001 00000000 00000100 00001100 
10111100 00100100 11000101 11111111 11111111 00000000 00000000 00000111 
00000001 00000000 00000100 00001000 10111101 00100100 10110011 00000111 
00000001 00000000 00000100 00001100 10111110 00100100 11000101 11111111 
11111111 00000000 00000000 00001010 00000001 00000000 00000100 00001000 
10111111 00100100 10110011 00000100 00000001 00000000 00000100 00001100 
11000000 00100100 11000101 11111111 11111111 00000000 00000000 00000111 
00000001 00000000 00000100 00001000 11000001 00100100 10110011 00000111 
00000001 00000000 00000100 00001100 11000010 00100100 11000101 11111111 
11111111 00000000 00000000 00001010 00000001 00000000 00000100 00001000 
11000011 00100100 10110011 00000100 00000001 00000000 00000100 00001100 
11000100 00100100 11000101 11111111 11111111 00000000 00000000 00000111 
00000001 00000000 00000100 00001000 11000101 00100100 10110011 00000111 
00000001 00000000 00000100 00001100 11000110 00100100 11000101 11111111 
11111111 00000000 00000000 00001010 00000001 00000000 00000100 00001000 
11000111 00100100 10110011 00000100 00000001 00000000 00000100 00001100 
11001000 00100100 11000101 11111111 11111111 00000000 00000000 00000111 
00000001 00000000 00000100 00001000 11001001 00100100 10110011 00000111 
00000001 00000000 00000100 00001100 11001010 00100100 11000101 11111111 
11111111 00000000 00000000 00001010 00000001 00000000 00000100 00001000 
11001011 00100100 10110011 00000100 00000001 00000000 00000100 00001100 
11001100 00100100 11000101 11111111 11111111 00000000 00000000 00000111 
00000001 00000000 00000100 00001000 11001101 00100100 10110011 00000111 
00000001 00000000 00000100 00001100 11001110 00100100 11000101 11111111 
11111111 00000000 00000000 00001010 00000001 00000000 00000100 00001000 
11001111 00100100 10110011 00000100 00000001 00000000 00000100 00001100 
11010000 00100100 11000101 11111111 11111111 00000000 00000000 00000111 
00000001 00000000 00000100 00001000 11010001 00100100 10110011 00000111 
00000001 00000000 00000100 00001100 11010010 00100100 11000101 11111111 
11111111 00000000 00000000 00001010 00000001 00000000 00000100 00001000 
11010011 00100100 10110011 00000100 00000001 00000000 00000100 00001100 
11010100 00100100 11000101 11111111 11111111 00000000 00000000 00000111 
00000001 00000000 00000100 00001000 11010101 00100100 10110011 00000111 
00000001 00000000 00000100 00001100 11010110 00100100 11000101 11111111 
11111111 00000000 00000000 00001010 00000001 00000000 00000100 00001000 
11010111 00100100 10110011 00000100 00000001 00000000 00000100 00001100 
11011000 00100100 11000101 11111111 11111111 00000000 00000000 00000111 
00000001 00000000 00000100 00001000 11011001 00100100 10110011 00000111 
00000001 00000000 00000100 00001100 11011010 00100100 11000101 11111111 
11111111 00000000 00000000 00001010 00000001 00000000 00000100 00001000 
11011011 00100100 10110011 00000100 00000001 00000000 00000100 00001100 
11011100 00100100 11000101 11111111 11111111 00000000 00000000 00000111 
00000001 00000000 00000100 00001000 11011101 00100100 10110011 00000111 
00000001 00000000 00000100 00001100 11011110 00100100 11000101 11111111 
11111111 00000000 00000000 00001010 00000001 00000000 00000100 00001000 
11011111 00100100 10110011 00000100 00000001 00000000 00000100 00001100 
11100000 00100100 11000101 11111111 11111111 00000000 00000000 00000111 
00000001 00000000 00000100 00001000 11100001 00100100 10110011 00000111 
00000001 00000000 00000100 00001100 11100010 00100100 11000101 11111111 
11111111 00000000 00000000 00001010 00000001 00000000 00000100 00001000 
11100011 00100100 10110011 00000100 00000001 00000000 00000100 00001100 
11100100 00100100 11000101 11111111 11111111 00000000 00000000 00000111 
00000001 00000000 00000100 00001000 11100101 00100100 10110011 00000111 
00000001 00000000 00000100 00001100 11100110 00100100 11000101 11111111 
11111111 00000000 00000000 00001010 00000001 00000000 00000100 00001000 
11100111 00100100 10110011 00000100 00000001 00000000 00000100 00001100 
11101000 00100100 11000101 11111111 11111111 00000000 00000000 00000111 
00000001 00000000 00000100 00001000 11101001 00100100 10110011 00000111 
00000001 00000000 00000100 00001100 11101010 00100100 11000101 11111111 
11111111 00000000 00000000 00001010 00000001 00000000 00000100 00001000 
11101011 00100100 10110011 00000100 00000001 00000000 00000100 00001100 
11101100 00100100 11000101 11111111 11111111 00000000 00000000 00000111 
00000001 00000000 00000100 00001000 11101101 00100100 10110011 00000111 
00000001 00000000 00000100 00001100 11101110 00100100 11000101 11111111 
11111111 00000000 00000000 00001010 00000001 00000000 00000100 00001000 
11101111 00100100 10110011 00000100 00000001 00000000 00000100 00001100 
11110000 00100100 11000101 11111111 11111111 00000000 00000000 00000111 
00000001 00000000 00000100 00001000 11110001 00100100 10110011 00000111 
00000001 00000000 00000100 00001100 11110010 00100100 11000101 11111111 
11111111 00000000 00000000 00001010 00000001 00000000 00000100 00001000 
11110011 00100100 10110011 00000100 00000001 00000000 00000100 00001100 
11110100 00100100 11000101 11111111 11111111 00000000 00000000 00000111 
00000001 00000000 00000100 00001000 11110101 00100100 10110011 00000111 
00000001 00000000 00000100 00001100 11110110 00100100 11000101 11111111 
11111111 00000000 00000000 00001010 00000001 00000000 00000100 00001000 
11110111 00100100 10110011 00000100 00000001 00000000 00000100 00001100 
11111000 00100100 11000101 11111111 11111111 00000000 00000000 00000111 
00000001 00000000 00000100 00001000 11111001 00100100 10110011 00000111 
00000001 00000000 00000100 00001100 11111010 00100100 11000101 11111111 
11111111 00000000 00000000 00001010 00000001 00000000 00000100 00001000 
11111011 00100100 10110011 00000100 00000001 00000000 00000100 00001100 
11111100 00100100 11000101 11111111 11111111 00000000 00000000 00000111 
00000001 00000000 00000100 00001000 11111101 00100100 10110011 00000111 
00000001 00000000 00000100 00001100 11111110 00100100 11000101 11111111 
11111111 00000000 00000000 00001010 00000001 00000000 00000100 00001000 
11111111 00100100 10110011 00000100 00000001 00000000 00000100 00001100 
00000000 00100101 11000101 11111111 11111111 00000000 00000000 00000111 
00000001 00000000 00000100 00001000 00000001 00100101 10110011 00000111 
00000001 00000000 00000100 00000000 00000000 00000000 00000000 00000000 
00000000 00000000 00000000 00000000 00000000 00000000 00000000 00000000 
00000000 00001100 00000010 00100101 11000101 11111111 11111111 00000000 
00000000 00001010 00000001 00000000 00000100 00001000 00000011 00100101 
10110011 00000100 00000001 00000000 00000100 00001100 00000100 00100101 
11000101 11111111 11111111 00000000 00000000 00000111 00000001 00000000 
00000100 00001000 00000101 00100101 10110011 00000111 00000001 00000000 
00000100 00001100 00000110 00100101 11000101 11111111 11111111 00000000 
00000000 00001010 00000001 00000000 00000100 00001000 00000111 00100101 
10110011 00000100 00000001 00000000 00000100 00001100 00001000 00100101 
11000101 11111111 11111111 00000000 00000000 00000111 00000001 00000000 
00000100 00001000 00001001 00100101 10110011 00000111 00000001 00000000 
00000100 00001100 00001010 00100101 11000101 11111111 11111111 00000000 
00000000 00001010 00000001 00000000 00000100 00001000 00001011 00100101 
10110011 00000100 00000001 00000000 00000100 00001100 00001100 00100101 
11000101 11111111 11111111 00000000 00000000 00000111 00000001 00000000 
00000100 00001000 00001101 00100101 10110011 00000111 00000001 00000000 
00000100 00001100 00001110 00100101 11000101 11111111 11111111 00000000 
00000000 00001010 00000001 00000000 00000100 00001000 00001111 00100101 
10110011 00000100 00000001 00000000 00000100 00001100 00010000 00100101 
11000101 11111111 11111111 00000000 00000000 00000111 00000001 00000000 
00000100 00001000 00010001 00100101 10110011 00000111 00000001 00000000 
00000100 00001100 00010010 00100101 11000101 11111111 11111111 00000000 
00000000 00001010 00000001 00000000 00000100 00001000 00010011 00100101 
10110011 00000100 00000001 00000000 00000100 00001100 00010100 00100101 
11000101 11111111 11111111 00000000 00000000 00000111 00000001 00000000 
00000100 00001000 00010101 00100101 10110011 00000111 00000001 00000000 
00000100 00001100 00010110 00100101 11000101 11111111 11111111 00000000 
00000000 00001010 00000001 00000000 00000100 00001000 00010111 00100101 
10110011 00000100 00000001 00000000 00000100 00001100 00011000 00100101 
11000101 11111111 11111111 00000000 00000000 00000111 00000001 00000000 
00000100 00001000 00011001 00100101 10110011 00000111 00000001 00000000 
00000100 00001100 00011010 00100101 11000101 11111111 11111111 00000000 
00000000 00001010 00000001 00000000 00000100 00001000 00011011 00100101 
10110011 00000100 00000001 00000000 00000100 00001100 00011100 00100101 
11000101 11111111 11111111 00000000 00000000 00000111 00000001 00000000 
00000100 00001000 00011101 00100101 10110011 00000111 00000001 00000000 
00000100 00001100 00011110 00100101 11000101 11111111 11111111 00000000 
00000000 00001010 00000001 00000000 00000100 00001000 00011111 00100101 
10110011 00000100 00000001 00000000 00000100 00001100 00100000 00100101 
11000101 11111111 11111111 00000000 00000000 00000111 00000001 00000000 
00000100 00001000 00100001 00100101 10110011 00000111 00000001 00000000 
00000100 00001100 00100010 00100101 11000101 11111111 11111111 00000000 
00000000 00001010 00000001 00000000 00000100 00001000 00100011 00100101 
10110011 00000100 00000001 00000000 00000100 00001100 00100100 00100101 
11000101 11111111 11111111 00000000 00000000 00000111 00000001 00000000 
00000100 00001000 00100101 00100101 10110011 00000111 00000001 00000000 
00000100 00001100 00100110 00100101 11000101 11111111 11111111 00000000 
00000000 00001010 00000001 00000000 00000100 00001000 00100111 00100101 
10110011 00000100 00000001 00000000 00000100 00001100 00101000 00100101 
11000101 11111111 11111111 00000000 00000000 00000111 00000001 00000000 
00000100 00001000 00101001 00100101 10110011 00000111 00000001 00000000 
00000100 00001100 00101010 00100101 11000101 11111111 11111111 00000000 
00000000 00001010 00000001 00000000 00000100 00001000 00101011 00100101 
10110011 00000100 00000001 00000000 00000100 00001100 00101100 00100101 
11000101 11111111 11111111 00000000 00000000 00000111 00000001 00000000 
00000100 00001000 00101101 00100101 10110011 00000111 00000001 00000000 
00000100 00001100 00101110 00100101 11000101 11111111 11111111 00000000 
00000000 00001010 00000001 00000000 00000100 00001000 00101111 00100101 
10110011 00000100 00000001 00000000 00000100 00001100 00110000 00100101 
11000101 11111111 11111111 00000000 00000000 00000111 00000001 00000000 
00000100 00001000 00110001 00100101 10110011 00000111 00000001 00000000 
00000100 00001100 00110010 00100101 11000101 11111111 11111111 00000000 
00000000 00001010 00000001 00000000 00000100 00001000 00110011 00100101 
10110011 00000100 00000001 00000000 00000100 00001100 00110100 00100101 
11000101 11111111 11111111 00000000 00000000 00000111 00000001 00000000 
00000100 00001000 00110101 00100101 10110011 00000111 00000001 00000000 
00000100 00001100 00110110 00100101 11000101 11111111 11111111 00000000 
00000000 00001010 00000001 00000000 00000100 00001000 00110111 00100101 
10110011 00000100 00000001 00000000 00000100 00001100 00111000 00100101 
11000101 11111111 11111111 00000000 00000000 00000111 00000001 00000000 
00000100 00001000 00111001 00100101 10110011 00000111 00000001 00000000 
00000100 00001100 00111010 00100101 11000101 11111111 11111111 00000000 
00000000 00001010 00000001 00000000 00000100 00001000 00111011 00100101 
10110011 00000100 00000001 00000000 00000100 00001100 00111100 00100101 
11000101 11111111 11111111 00000000 00000000 00000111 00000001 00000000 
00000100 00001000 00111101 00100101 10110011 00000111 00000001 00000000 
00000100 00001100 00111110 00100101 11000101 11111111 11111111 00000000 
00000000 00001010 00000001 00000000 00000100 00001000 00111111 00100101 
10110011 00000100 00000001 00000000 00000100 00001100 01000000 00100101 
11000101 11111111 11111111 00000000 00000000 00000111 00000001 00000000 
00000100 00001000 01000001 00100101 10110011 00000111 00000001 00000000 
00000100 00001100 01000010 00100101 11000101 11111111 11111111 00000000 
00000000 00001010 00000001 00000000 00000100 00001000 01000011 00100101 
10110011 00000100 00000001 00000000 00000100 00001100 01000100 00100101 
11000101 11111111 11111111 00000000 00000000 00000111 00000001 00000000 
00000100 00001000 01000101 00100101 10110011 00000111 00000001 00000000 
00000100 00001100 01000110 00100101 11000101 11111111 11111111 00000000 
00000000 00001010 00000001 00000000 00000100 00001000 01000111 00100101 
10110011 00000100 00000001 00000000 00000100 00001100 01001000 00100101 
11000101 11111111 11111111 00000000 00000000 00000111 00000001 00000000 
00000100 00001000 01001001 00100101 10110011 00000111 00000001 00000000 
00000100 00001100 01001010 00100101 11000101 11111111 11111111 00000000 
00000000 00001010 00000001 00000000 00000100 00001000 01001011 00100101 
10110011 00000100 00000001 00000000 00000100 00001100 01001100 00100101 
11000101 11111111 11111111 00000000 00000000 00000111 00000001 00000000 
00000100 00001000 01001101 00100101 10110011 00000111 00000001 00000000 
00000100 00001100 01001110 00100101 11000101 11111111 11111111 00000000 
00000000 00001010 00000001 00000000 00000100 00001000 01001111 00100101 
10110011 00000100 00000001 00000000 00000100 00001100 01010000 00100101 
11000101 11111111 11111111 00000000 00000000 00000111 00000001 00000000 
00000100 00001000 01010001 00100101 10110011 00000111 00000001 00000000 
00000100 00001100 01010010 00100101 11000101 11111111 11111111 00000000 
00000000 00001010 00000001 00000000 00000100 00001000 01010011 00100101 
10110011 00000100 00000001 00000000 00000100 00001100 01010100 00100101 
11000101 11111111 11111111 00000000 00000000 00000111 00000001 00000000 
00000100 00001000 01010101 00100101 10110011 00000111 00000001 00000000 
00000100 00001100 01010110 00100101 11000101 11111111 11111111 00000000 
00000000 00001010 00000001 00000000 00000100 00001000 01010111 00100101 
10110011 00000100 00000001 00000000 00000100 00001100 01011000 00100101 
11000101 11111111 11111111 00000000 00000000 00000111 00000001 00000000 
00000100 00001000 01011001 00100101 10110011 00000111 00000001 00000000 
00000100 00001100 01011010 00100101 11000101 11111111 11111111 00000000 
00000000 00001010 00000001 00000000 00000100 00001000 01011011 00100101 
10110011 00000100 00000001 00000000 00000100 00001100 01011100 00100101 
11000101 11111111 11111111 00000000 00000000 00000111 00000001 00000000 
00000100 00001000 01011101 00100101 10110011 00000111 00000001 00000000 
00000100 00001100 01011110 00100101 11000101 11111111 11111111 00000000 
00000000 00001010 00000001 00000000 00000100 00001000 01011111 00100101 
10110011 00000100 00000001 00000000 00000100 00001100 01100000 00100101 
11000101 11111111 11111111 00000000 00000000 00000111 00000001 00000000 
00000100 00001000 01100001 00100101 10110011 00000111 00000001 00000000 
00000100 00001100 01100010 00100101 11000101 11111111 11111111 00000000 
00000000 00001010 00000001 00000000 00000100 00001000 01100011 00100101 
10110011 00000100 00000001 00000000 00000100 00001100 01100100 00100101 
11000101 11111111 11111111 00000000 00000000 00000111 00000001 00000000 
00000100 00001000 01100101 00100101 10110011 00000111 00000001 00000000 
00000100 00001100 01100110 00100101 11000101 11111111 11111111 00000000 
00000000 00001010 00000001 00000000 00000100 00001000 01100111 00100101 
10110011 00000100 00000001 00000000 00000100 00001100 01101000 00100101 
11000101 11111111 11111111 00000000 00000000 00000111 00000001 00000000 
00000100 00001000 01101001 00100101 10110011 00000111 00000001 00000000 
00000100 00001100 01101010 00100101 11000101 11111111 11111111 00000000 
00000000 00001010 00000001 00000000 00000100 00001000 01101011 00100101 
10110011 00000100 00000001 00000000 00000100 00001100 01101100 00100101 
11000101 11111111 11111111 00000000 00000000 00000111 00000001 00000000 
00000100 00001000 01101101 00100101 10110011 00000111 00000001 00000000 
00000100 00001100 01101110 00100101 11000101 11111111 11111111 00000000 
00000000 00001010 00000001 00000000 00000100 00001000 01101111 00100101 
10110011 00000100 00000001 00000000 00000100 00001100 01110000 00100101 
11000101 11111111 11111111 00000000 00000000 00000111 00000001 00000000 
00000100 00001000 01110001 00100101 10110011 00000111 00000001 00000000 
00000100 00001100 01110010 00100101 11000101 11111111 11111111 00000000 
00000000 00001010 00000001 00000000 00000100 00001000 01110011 00100101 
10110011 00000100 00000001 00000000 00000100 00001100 01110100 00100101 
11000101 11111111 11111111 00000000 00000000 00000111 00000001 00000000 
00000100 00001000 01110101 00100101 10110011 00000111 00000001 00000000 
00000100 00001100 01110110 00100101 11000101 11111111 11111111 00000000 
00000000 00001010 00000001 00000000 00000100 00001000 01110111 00100101 
10110011 00000100 00000001 00000000 00000100 00001100 01111000 00100101 
11000101 11111111 01111111 00000000 00000000 00000111 00000001 00000000 
00000100 00001000 01111001 00100101 00110011 00001110 00000001 00000000 
00000100 00001010 01111010 00100101 10110101 11111111 00001111 00001000 
00000001 00000000 00000100 00001000 01111011 00100101 10110011 00001000 
00000001 00000000 00000100 00001100 01111100 00100101 11000101 11111111 
11111111 00000000 00000000 00000101 00000001 00000000 00000100 00001000 
01111101 00100101 10110011 00000101 00000001 00000000 00000100 00001100 
01111110 00100101 11000101 11111111 11111111 00000000 00000000 00001000 
00000001 00000000 00000100 00001000 01111111 00100101 10110011 00001000 
00000001 00000000 00000100 00001100 10000000 00100101 11000101 11111111 
11111111 00000000 00000000 00000101 00000001 00000000 00000100 00000000 
00000000 00000000 00000000 00000000 00000000 00000000 00000000 00000000 
00000000 00000000 00000000 00000000 00000000 00001000 10000001 00100101 
10110011 00000101 00000001 00000000 00000100 00001100 10000010 00100101 
11000101 11111111 11111111 00000000 00000000 00001000 00000001 00000000 
00000100 00001000 10000011 00100101 10110011 00001000 00000001 00000000 
00000100 00001100 10000100 00100101 11000101 11111111 11111111 00000000 
00000000 00000101 00000001 00000000 00000100 00001000 10000101 00100101 
10110011 00000101 00000001 00000000 00000100 00001100 10000110 00100101 
11000101 11111111 11111111 00000000 00000000 00001000 00000001 00000000 
00000100 00001000 10000111 00100101 10110011 00001000 00000001 00000000 
00000100 00001100 10001000 00100101 11000101 11111111 11111111 00000000 
00000000 00000101 00000001 00000000 00000100 00001000 10001001 00100101 
10110011 00000101 00000001 00000000 00000100 00001100 10001010 00100101 
11000101 11111111 11111111 00000000 00000000 00001000 00000001 00000000 
00000100 00001000 10001011 00100101 10110011 00001000 00000001 00000000 
00000100 00001100 10001100 00100101 11000101 11111111 11111111 00000000 
00000000 00000101 00000001 00000000 00000100 00001000 10001101 00100101 
10110011 00000101 00000001 00000000 00000100 00001100 10001110 00100101 
11000101 11111111 11111111 00000000 00000000 00001000 00000001 00000000 
00000100 00001000 10001111 00100101 10110011 00001000 00000001 00000000 
00000100 00001100 10010000 00100101 11000101 11111111 11111111 00000000 
00000000 00000101 00000001 00000000 00000100 00001000 10010001 00100101 
10110011 00000101 00000001 00000000 00000100 00001100 10010010 00100101 
11000101 11111111 11111111 00000000 00000000 00001000 00000001 00000000 
00000100 00001000 10010011 00100101 10110011 00001000 00000001 00000000 
00000100 00001100 10010100 00100101 11000101 11111111 11111111 00000000 
00000000 00000101 00000001 00000000 00000100 00001000 10010101 00100101 
10110011 00000101 00000001 00000000 00000100 00001100 10010110 00100101 
11000101 11111111 11111111 00000000 00000000 00001000 00000001 00000000 
00000100 00001000 10010111 00100101 10110011 00001000 00000001 00000000 
00000100 00001100 10011000 00100101 11000101 11111111 11111111 00000000 
00000000 00000101 00000001 00000000 00000100 00001000 10011001 00100101 
10110011 00000101 00000001 00000000 00000100 00001100 10011010 00100101 
11000101 11111111 11111111 00000000 00000000 00001000 00000001 00000000 
00000100 00001000 10011011 00100101 10110011 00001000 00000001 00000000 
00000100 00001100 10011100 00100101 11000101 11111111 11111111 00000000 
00000000 00000101 00000001 00000000 00000100 00001000 10011101 00100101 
10110011 00000101 00000001 00000000 00000100 00001100 10011110 00100101 
11000101 11111111 11111111 00000000 00000000 00001000 00000001 00000000 
00000100 00001000 10011111 00100101 10110011 00001000 00000001 00000000 
00000100 00001100 10100000 00100101 11000101 11111111 11111111 00000000 
00000000 00000101 00000001 00000000 00000100 00001000 10100001 00100101 
10110011 00000101 00000001 00000000 00000100 00001100 10100010 00100101 
11000101 11111111 11111111 00000000 00000000 00001000 00000001 00000000 
00000100 00001000 10100011 00100101 10110011 00001000 00000001 00000000 
00000100 00001100 10100100 00100101 11000101 11111111 11111111 00000000 
00000000 00000101 00000001 00000000 00000100 00001000 10100101 00100101 
10110011 00000101 00000001 00000000 00000100 00001100 10100110 00100101 
11000101 11111111 11111111 00000000 00000000 00001000 00000001 00000000 
00000100 00001000 10100111 00100101 10110011 00001000 00000001 00000000 
00000100 00001100 10101000 00100101 11000101 11111111 11111111 00000000 
00000000 00000101 00000001 00000000 00000100 00001000 10101001 00100101 
10110011 00000101 00000001 00000000 00000100 00001100 10101010 00100101 
11000101 11111111 11111111 00000000 00000000 00001000 00000001 00000000 
00000100 00001000 10101011 00100101 10110011 00001000 00000001 00000000 
00000100 00001100 10101100 00100101 11000101 11111111 11111111 00000000 
00000000 00000101 00000001 00000000 00000100 00001000 10101101 00100101 
10110011 00000101 00000001 00000000 00000100 00001100 10101110 00100101 
11000101 11111111 11111111 00000000 00000000 00001000 00000001 00000000 
00000100 00001000 10101111 00100101 10110011 00001000 00000001 00000000 
00000100 00001100 10110000 00100101 11000101 11111111 11111111 00000000 
00000000 00000101 00000001 00000000 00000100 00001000 10110001 00100101 
10110011 00000101 00000001 00000000 00000100 00001100 10110010 00100101 
11000101 11111111 11111111 00000000 00000000 00001000 00000001 00000000 
00000100 00001000 10110011 00100101 10110011 00001000 00000001 00000000 
00000100 00001100 10110100 00100101 11000101 11111111 11111111 00000000 
00000000 00000101 00000001 00000000 00000100 00001000 10110101 00100101 
10110011 00000101 00000001 00000000 00000100 00001100 10110110 00100101 
11000101 11111111 11111111 00000000 00000000 00001000 00000001 00000000 
00000100 00001000 10110111 00100101 10110011 00001000 00000001 00000000 
00000100 00001100 10111000 00100101 11000101 11111111 11111111 00000000 
00000000 00000101 00000001 00000000 00000100 00001000 10111001 00100101 
10110011 00000101 00000001 00000000 00000100 00001100 10111010 00100101 
11000101 11111111 11111111 00000000 00000000 00001000 00000001 00000000 
00000100 00001000 10111011 00100101 10110011 00001000 00000001 00000000 
00000100 00001100 10111100 00100101 11000101 11111111 11111111 00000000 
00000000 00000101 00000001 00000000 00000100 00001000 10111101 00100101 
10110011 00000101 00000001 00000000 00000100 00001100 10111110 00100101 
11000101 11111111 11111111 00000000 00000000 00001000 00000001 00000000 
00000100 00001000 10111111 00100101 10110011 00001000 00000001 00000000 
00000100 00001100 11000000 00100101 11000101 11111111 11111111 00000000 
00000000 00000101 00000001 00000000 00000100 00001000 11000001 00100101 
10110011 00000101 00000001 00000000 00000100 00001100 11000010 00100101 
11000101 11111111 11111111 00000000 00000000 00001000 00000001 00000000 
00000100 00001000 11000011 00100101 10110011 00001000 00000001 00000000 
00000100 00001100 11000100 00100101 11000101 11111111 11111111 00000000 
00000000 00000101 00000001 00000000 00000100 00001000 11000101 00100101 
10110011 00000101 00000001 00000000 00000100 00001100 11000110 00100101 
11000101 11111111 11111111 00000000 00000000 00001000 00000001 00000000 
00000100 00001000 11000111 00100101 10110011 00001000 00000001 00000000 
00000100 00001100 11001000 00100101 11000101 11111111 11111111 00000000 
00000000 00000101 00000001 00000000 00000100 00001000 11001001 00100101 
10110011 00000101 00000001 00000000 00000100 00001100 11001010 00100101 
11000101 11111111 11111111 00000000 00000000 00001000 00000001 00000000 
00000100 00001000 11001011 00100101 10110011 00001000 00000001 00000000 
00000100 00001100 11001100 00100101 11000101 11111111 11111111 00000000 
00000000 00000101 00000001 00000000 00000100 00001000 11001101 00100101 
10110011 00000101 00000001 00000000 00000100 00001100 11001110 00100101 
11000101 11111111 11111111 00000000 00000000 00001000 00000001 00000000 
00000100 00001000 11001111 00100101 10110011 00001000 00000001 00000000 
00000100 00001100 11010000 00100101 11000101 11111111 11111111 00000000 
00000000 00000101 00000001 00000000 00000100 00001000 11010001 00100101 
10110011 00000101 00000001 00000000 00000100 00001100 11010010 00100101 
11000101 11111111 11111111 00000000 00000000 00001000 00000001 00000000 
00000100 00001000 11010011 00100101 10110011 00001000 00000001 00000000 
00000100 00001100 11010100 00100101 11000101 11111111 11111111 00000000 
00000000 00000101 00000001 00000000 00000100 00001000 11010101 00100101 
10110011 00000101 00000001 00000000 00000100 00001100 11010110 00100101 
11000101 11111111 11111111 00000000 00000000 00001000 00000001 00000000 
00000100 00001000 11010111 00100101 10110011 00001000 00000001 00000000 
00000100 00001100 11011000 00100101 11000101 11111111 11111111 00000000 
00000000 00000101 00000001 00000000 00000100 00001000 11011001 00100101 
10110011 00000101 00000001 00000000 00000100 00001100 11011010 00100101 
11000101 11111111 11111111 00000000 00000000 00001000 00000001 00000000 
00000100 00001000 11011011 00100101 10110011 00001000 00000001 00000000 
00000100 00001100 11011100 00100101 11000101 11111111 11111111 00000000 
00000000 00000101 00000001 00000000 00000100 00001000 11011101 00100101 
10110011 00000101 00000001 00000000 00000100 00001100 11011110 00100101 
11000101 11111111 11111111 00000000 00000000 00001000 00000001 00000000 
00000100 00001000 11011111 00100101 10110011 00001000 00000001 00000000 
00000100 00001100 11100000 00100101 11000101 11111111 11111111 00000000 
00000000 00000101 00000001 00000000 00000100 00001000 11100001 00100101 
10110011 00000101 00000001 00000000 00000100 00001100 11100010 00100101 
11000101 11111111 11111111 00000000 00000000 00001000 00000001 00000000 
00000100 00001000 11100011 00100101 10110011 00001000 00000001 00000000 
00000100 00001100 11100100 00100101 11000101 11111111 11111111 00000000 
00000000 00000101 00000001 00000000 00000100 00001000 11100101 00100101 
10110011 00000101 00000001 00000000 00000100 00001100 11100110 00100101 
11000101 11111111 11111111 00000000 00000000 00001000 00000001 00000000 
00000100 00001000 11100111 00100101 10110011 00001000 00000001 00000000 
00000100 00001100 11101000 00100101 11000101 11111111 11111111 00000000 
00000000 00000101 00000001 00000000 00000100 00001000 11101001 00100101 
10110011 00000101 00000001 00000000 00000100 00001100 11101010 00100101 
11000101 11111111 11111111 00000000 00000000 00001000 00000001 00000000 
00000100 00001000 11101011 00100101 10110011 00001000 00000001 00000000 
00000100 00001100 11101100 00100101 11000101 11111111 11111111 00000000 
00000000 00000101 00000001 00000000 00000100 00001000 11101101 00100101 
10110011 00000101 00000001 00000000 00000100 00001100 11101110 00100101 
11000101 11111111 11111111 00000000 00000000 00001000 00000001 00000000 
00000100 00001000 11101111 00100101 10110011 00001000 00000001 00000000 
00000100 00001100 11110000 00100101 11000101 11111111 11111111 00000000 
00000000 00000101 00000001 00000000 00000100 00001000 11110001 00100101 
10110011 00000101 00000001 00000000 00000100 00001100 11110010 00100101 
11000101 11111111 11111111 00000000 00000000 00001000 00000001 00000000 
00000100 00001000 11110011 00100101 10110011 00001000 00000001 00000000 
00000100 00001100 11110100 00100101 11000101 11111111 11111111 00000000 
00000000 00000101 00000001 00000000 00000100 00001000 11110101 00100101 
10110011 00000101 00000001 00000000 00000100 00001100 11110110 00100101 
11000101 11111111 11111111 00000000 00000000 00001000 00000001 00000000 
00000100 00001000 11110111 00100101 10110011 00001000 00000001 00000000 
00000100 00001100 11111000 00100101 11000101 11111111 11111111 00000000 
00000000 00000101 00000001 00000000 00000100 00001000 11111001 00100101 
10110011 00000101 00000001 00000000 00000100 00001100 11111010 00100101 
11000101 11111111 11111111 00000000 00000000 00001000 00000001 00000000 
00000100 00001000 11111011 00100101 10110011 00001000 00000001 00000000 
00000100 00001100 11111100 00100101 11000101 11111111 11111111 00000000 
00000000 00000101 00000001 00000000 00000100 00001000 11111101 00100101 
10110011 00000101 00000001 00000000 00000100 00001100 11111110 00100101 
11000101 11111111 11111111 00000000 00000000 00001000 00000001 00000000 
00000100 00001000 11111111 00100101 10110011 00001000 00000001 00000000 
00000100 00001100 00000000 00100110 11000101 11111111 11111111 00000000 
00000000 00000101 00000001 00000000 00000100 00000000 00000000 00000000 
00000000 00000000 00000000 00000000 00000000 00000000 00000000 00000000 
00000000 00000000 00000000 00001000 00000001 00100110 10110011 00000101 
00000001 00000000 00000100 00001100 00000010 00100110 11000101 11111111 
11111111 00000000 00000000 00001000 00000001 00000000 00000100 00001000 
00000011 00100110 10110011 00001000 00000001 00000000 00000100 00001100 
00000100 00100110 11000101 11111111 11111111 00000000 00000000 00000101 
00000001 00000000 00000100 00001000 00000101 00100110 10110011 00000101 
00000001 00000000 00000100 00001100 00000110 00100110 11000101 11111111 
11111111 00000000 00000000 00001000 00000001 00000000 00000100 00001000 
00000111 00100110 10110011 00001000 00000001 00000000 00000100 00001100 
00001000 00100110 11000101 11111111 11111111 00000000 00000000 00000101 
00000001 00000000 00000100 00001000 00001001 00100110 10110011 00000101 
00000001 00000000 00000100 00001100 00001010 00100110 11000101 11111111 
11111111 00000000 00000000 00001000 00000001 00000000 00000100 00001000 
00001011 00100110 10110011 00001000 00000001 00000000 00000100 00001100 
00001100 00100110 11000101 11111111 11111111 00000000 00000000 00000101 
00000001 00000000 00000100 00001000 00001101 00100110 10110011 00000101 
00000001 00000000 00000100 00001100 00001110 00100110 11000101 11111111 
11111111 00000000 00000000 00001000 00000001 00000000 00000100 00001000 
00001111 00100110 10110011 00001000 00000001 00000000 00000100 00001100 
00010000 00100110 11000101 11111111 11111111 00000000 00000000 00000101 
00000001 00000000 00000100 00001000 00010001 00100110 10110011 00000101 
00000001 00000000 00000100 00001100 00010010 00100110 11000101 11111111 
11111111 00000000 00000000 00001000 00000001 00000000 00000100 00001000 
00010011 00100110 10110011 00001000 00000001 00000000 00000100 00001100 
00010100 00100110 11000101 11111111 11111111 00000000 00000000 00000101 
00000001 00000000 00000100 00001000 00010101 00100110 10110011 00000101 
00000001 00000000 00000100 00001100 00010110 00100110 11000101 11111111 
11111111 00000000 00000000 00001000 00000001 00000000 00000100 00001000 
00010111 00100110 10110011 00001000 00000001 00000000 00000100 00001100 
00011000 00100110 11000101 11111111 11111111 00000000 00000000 00000101 
00000001 00000000 00000100 00001000 00011001 00100110 10110011 00000101 
00000001 00000000 00000100 00001100 00011010 00100110 11000101 11111111 
11111111 00000000 00000000 00001000 00000001 00000000 00000100 00001000 
00011011 00100110 10110011 00001000 00000001 00000000 00000100 00001100 
00011100 00100110 11000101 11111111 11111111 00000000 00000000 00000101 
00000001 00000000 00000100 00001000 00011101 00100110 10110011 00000101 
00000001 00000000 00000100 00001100 00011110 00100110 11000101 11111111 
11111111 00000000 00000000 00001000 00000001 00000000 00000100 00001000 
00011111 00100110 10110011 00001000 00000001 00000000 00000100 00001100 
00100000 00100110 11000101 11111111 11111111 00000000 00000000 00000101 
00000001 00000000 00000100 00001000 00100001 00100110 10110011 00000101 
00000001 00000000 00000100 00001100 00100010 00100110 11000101 11111111 
11111111 00000000 00000000 00001000 00000001 00000000 00000100 00001000 
00100011 00100110 10110011 00001000 00000001 00000000 00000100 00001100 
00100100 00100110 11000101 11111111 11111111 00000000 00000000 00000101 
00000001 00000000 00000100 00001000 00100101 00100110 10110011 00000101 
00000001 00000000 00000100 00001100 00100110 00100110 11000101 11111111 
11111111 00000000 00000000 00001000 00000001 00000000 00000100 00001000 
00100111 00100110 10110011 00001000 00000001 00000000 00000100 00001100 
00101000 00100110 11000101 11111111 11111111 00000000 00000000 00000101 
00000001 00000000 00000100 00001000 00101001 00100110 10110011 00000101 
00000001 00000000 00000100 00001100 00101010 00100110 11000101 11111111 
11111111 00000000 00000000 00001000 00000001 00000000 00000100 00001000 
00101011 00100110 10110011 00001000 00000001 00000000 00000100 00001100 
00101100 00100110 11000101 11111111 11111111 00000000 00000000 00000101 
00000001 00000000 00000100 00001000 00101101 00100110 10110011 00000101 
00000001 00000000 00000100 00001100 00101110 00100110 11000101 11111111 
11111111 00000000 00000000 00001000 00000001 00000000 00000100 00001000 
00101111 00100110 10110011 00001000 00000001 00000000 00000100 00001100 
00110000 00100110 11000101 11111111 11111111 00000000 00000000 00000101 
00000001 00000000 00000100 00001000 00110001 00100110 10110011 00000101 
00000001 00000000 00000100 00001100 00110010 00100110 11000101 11111111 
11111111 00000000 00000000 00001000 00000001 00000000 00000100 00001000 
00110011 00100110 10110011 00001000 00000001 00000000 00000100 00001100 
00110100 00100110 11000101 11111111 11111111 00000000 00000000 00000101 
00000001 00000000 00000100 00001000 00110101 00100110 10110011 00000101 
00000001 00000000 00000100 00001100 00110110 00100110 11000101 11111111 
11111111 00000000 00000000 00001000 00000001 00000000 00000100 00001000 
00110111 00100110 10110011 00001000 00000001 00000000 00000100 00001100 
00111000 00100110 11000101 11111111 11111111 00000000 00000000 00000101 
00000001 00000000 00000100 00001000 00111001 00100110 10110011 00000101 
00000001 00000000 00000100 00001100 00111010 00100110 11000101 11111111 
11111111 00000000 00000000 00001000 00000001 00000000 00000100 00001000 
00111011 00100110 10110011 00001000 00000001 00000000 00000100 00001100 
00111100 00100110 11000101 11111111 11111111 00000000 00000000 00000101 
00000001 00000000 00000100 00001000 00111101 00100110 10110011 00000101 
00000001 00000000 00000100 00001100 00111110 00100110 11000101 11111111 
11111111 00000000 00000000 00001000 00000001 00000000 00000100 00001000 
00111111 00100110 10110011 00001000 00000001 00000000 00000100 00001100 
01000000 00100110 11000101 11111111 11111111 00000000 00000000 00000101 
00000001 00000000 00000100 00001000 01000001 00100110 10110011 00000101 
00000001 00000000 00000100 00001100 01000010 00100110 11000101 11111111 
11111111 00000000 00000000 00001000 00000001 00000000 00000100 00001000 
01000011 00100110 10110011 00001000 00000001 00000000 00000100 00001100 
01000100 00100110 11000101 11111111 11111111 00000000 00000000 00000101 
00000001 00000000 00000100 00001000 01000101 00100110 10110011 00000101 
00000001 00000000 00000100 00001100 01000110 00100110 11000101 11111111 
11111111 00000000 00000000 00001000 00000001 00000000 00000100 00001000 
01000111 00100110 10110011 00001000 00000001 00000000 00000100 00001100 
01001000 00100110 11000101 11111111 11111111 00000000 00000000 00000101 
00000001 00000000 00000100 00001000 01001001 00100110 10110011 00000101 
00000001 00000000 00000100 00001100 01001010 00100110 11000101 11111111 
11111111 00000000 00000000 00001000 00000001 00000000 00000100 00001000 
01001011 00100110 10110011 00001000 00000001 00000000 00000100 00001100 
01001100 00100110 11000101 11111111 11111111 00000000 00000000 00000101 
00000001 00000000 00000100 00001000 01001101 00100110 10110011 00000101 
00000001 00000000 00000100 00001100 01001110 00100110 11000101 11111111 
11111111 00000000 00000000 00001000 00000001 00000000 00000100 00001000 
01001111 00100110 10110011 00001000 00000001 00000000 00000100 00001100 
01010000 00100110 11000101 11111111 11111111 00000000 00000000 00000101 
00000001 00000000 00000100 00001000 01010001 00100110 10110011 00000101 
00000001 00000000 00000100 00001100 01010010 00100110 11000101 11111111 
11111111 00000000 00000000 00001000 00000001 00000000 00000100 00001000 
01010011 00100110 10110011 00001000 00000001 00000000 00000100 00001100 
01010100 00100110 11000101 11111111 11111111 00000000 00000000 00000101 
00000001 00000000 00000100 00001000 01010101 00100110 10110011 00000101 
00000001 00000000 00000100 00001100 01010110 00100110 11000101 11111111 
11111111 00000000 00000000 00001000 00000001 00000000 00000100 00001000 
01010111 00100110 10110011 00001000 00000001 00000000 00000100 00001100 
01011000 00100110 11000101 11111111 11111111 00000000 00000000 00000101 
00000001 00000000 00000100 00001000 01011001 00100110 10110011 00000101 
00000001 00000000 00000100 00001100 01011010 00100110 11000101 11111111 
11111111 00000000 00000000 00001000 00000001 00000000 00000100 00001000 
01011011 00100110 10110011 00001000 00000001 00000000 00000100 00001100 
01011100 00100110 11000001 11111111 00111111 00000000 00000000 01100100 
00000000 00000000 00000100 00001000 01011101 00100110 10110011 01100100 
00000000 00000000 00000100 00001010 01011110 00100110 10111001 11111111 
00011111 00000110 00000001 00000000 00000100 00001000 01011111 00100110 
10110011 00000110 00000001 00000000 00000100 00001100 01100000 00100110 
11000101 11111111 11111111 00000000 00000000 00001001 00000001 00000000 
00000100 00001000 01100001 00100110 10110011 00001001 00000001 00000000 
00000100 00001100 01100010 00100110 11000001 11111111 01111111 00000000 
00000000 00000110 00000001 00000000 00000100 00001000 01100011 00100110 
10110011 00000110 00000001 00000000 00000100 00001100 01100100 00100110 
11000101 11111111 11111111 00000000 00000000 00001001 00000001 00000000 
00000100 00001000 01100101 00100110 10110011 00001001 00000001 00000000 
00000100 00001100 01100110 00100110 11000001 11111111 01111111 00000000 
00000000 00000110 00000001 00000000 00000100 00001000 01100111 00100110 
10110011 00000110 00000001 00000000 00000100 00001100 01101000 00100110 
11000101 11111111 11111111 00000000 00000000 00001001 00000001 00000000 
00000100 00001000 01101001 00100110 10110011 00001001 00000001 00000000 
00000100 00001100 01101010 00100110 11000001 11111111 01111111 00000000 
00000000 00000110 00000001 00000000 00000100 00001000 01101011 00100110 
10110011 00000110 00000001 00000000 00000100 00001100 01101100 00100110 
11000101 11111111 11111111 00000000 00000000 00001001 00000001 00000000 
00000100 00001000 01101101 00100110 10110011 00001001 00000001 00000000 
00000100 00001100 01101110 00100110 11000001 11111111 01111111 00000000 
00000000 00000110 00000001 00000000 00000100 00001000 01101111 00100110 
10110011 00000110 00000001 00000000 00000100 00001100 01110000 00100110 
11000101 11111111 11111111 00000000 00000000 00001001 00000001 00000000 
00000100 00001000 01110001 00100110 10110011 00001001 00000001 00000000 
00000100 00001100 01110010 00100110 11000001 11111111 01111111 00000000 
00000000 00000110 00000001 00000000 00000100 00001000 01110011 00100110 
10110011 00000110 00000001 00000000 00000100 00001100 01110100 00100110 
11000101 11111111 11111111 00000000 00000000 00001001 00000001 00000000 
00000100 00001000 01110101 00100110 10110011 00001001 00000001 00000000 
00000100 00001100 01110110 00100110 11000001 11111111 01111111 00000000 
00000000 00000110 00000001 00000000 00000100 00001000 01110111 00100110 
10110011 00000110 00000001 00000000 00000100 00001100 01111000 00100110 
11000101 11111111 11111111 00000000 00000000 00001001 00000001 00000000 
00000100 00001000 01111001 00100110 10110011 00001001 00000001 00000000 
00000100 00001100 01111010 00100110 11000001 11111111 01111111 00000000 
00000000 00000110 00000001 00000000 00000100 00001000 01111011 00100110 
10110011 00000110 00000001 00000000 00000100 00001100 01111100 00100110 
11000101 11111111 11111111 00000000 00000000 00001001 00000001 00000000 
00000100 00001000 01111101 00100110 10110011 00001001 00000001 00000000 
00000100 00001100 01111110 00100110 11000001 11111111 01111111 00000000 
00000000 00000110 00000001 00000000 00000100 00001000 01111111 00100110 
10110011 00000110 00000001 00000000 00000100 00001100 10000000 00100110 
11000101 11111111 11111111 00000000 00000000 00001001 00000001 00000000 
00000100 00000000 00000000 00000000 00000000 00000000 00000000 00000000 
00000000 00000000 00000000 00000000 00000000 00000000 00000000 00001000 
10000001 00100110 10110011 00001001 00000001 00000000 00000100 00001100 
10000010 00100110 11000001 11111111 01111111 00000000 00000000 00000110 
00000001 00000000 00000100 00001000 10000011 00100110 10110011 00000110 
00000001 00000000 00000100 00001100 10000100 00100110 11000101 11111111 
11111111 00000000 00000000 00001001 00000001 00000000 00000100 00001000 
10000101 00100110 10110011 00001001 00000001 00000000 00000100 00001100 
10000110 00100110 11000001 11111111 01111111 00000000 00000000 00000110 
00000001 00000000 00000100 00001000 10000111 00100110 10110011 00000110 
00000001 00000000 00000100 00001100 10001000 00100110 11000101 11111111 
11111111 00000000 00000000 00001001 00000001 00000000 00000100 00001000 
10001001 00100110 10110011 00001001 00000001 00000000 00000100 00001100 
10001010 00100110 11000001 11111111 01111111 00000000 00000000 00000110 
00000001 00000000 00000100 00001000 10001011 00100110 10110011 00000110 
00000001 00000000 00000100 00001100 10001100 00100110 11000101 11111111 
11111111 00000000 00000000 00001001 00000001 00000000 00000100 00001000 
10001101 00100110 10110011 00001001 00000001 00000000 00000100 00001100 
10001110 00100110 11000001 11111111 01111111 00000000 00000000 00000110 
00000001 00000000 00000100 00001000 10001111 00100110 10110011 00000110 
00000001 00000000 00000100 00001100 10010000 00100110 11000101 11111111 
11111111 00000000 00000000 00001001 00000001 00000000 00000100 00001000 
10010001 00100110 10110011 00001001 00000001 00000000 00000100 00001100 
10010010 00100110 11000001 11111111 01111111 00000000 00000000 00000110 
00000001 00000000 00000100 00001000 10010011 00100110 10110011 00000110 
00000001 00000000 00000100 00001100 10010100 00100110 11000101 11111111 
11111111 00000000 00000000 00001001 00000001 00000000 00000100 00001000 
10010101 00100110 10110011 00001001 00000001 00000000 00000100 00001100 
10010110 00100110 11000001 11111111 01111111 00000000 00000000 00000110 
00000001 00000000 00000100 00001000 10010111 00100110 10110011 00000110 
00000001 00000000 00000100 00001100 10011000 00100110 11000101 11111111 
11111111 00000000 00000000 00001001 00000001 00000000 00000100 00001000 
10011001 00100110 10110011 00001001 00000001 00000000 00000100 00001100 
10011010 00100110 11000001 11111111 01111111 00000000 00000000 00000110 
00000001 00000000 00000100 00001000 10011011 00100110 10110011 00000110 
00000001 00000000 00000100 00001100 10011100 00100110 11000101 11111111 
11111111 00000000 00000000 00001001 00000001 00000000 00000100 00001000 
10011101 00100110 10110011 00001001 00000001 00000000 00000100 00001100 
10011110 00100110 11000001 11111111 01111111 00000000 00000000 00000110 
00000001 00000000 00000100 00001000 10011111 00100110 10110011 00000110 
00000001 00000000 00000100 00001100 10100000 00100110 11000101 11111111 
11111111 00000000 00000000 00001001 00000001 00000000 00000100 00001000 
10100001 00100110 10110011 00001001 00000001 00000000 00000100 00001100 
10100010 00100110 11000001 11111111 01111111 00000000 00000000 00000110 
00000001 00000000 00000100 00001000 10100011 00100110 10110011 00000110 
00000001 00000000 00000100 00001100 10100100 00100110 11000101 11111111 
11111111 00000000 00000000 00001001 00000001 00000000 00000100 00001000 
10100101 00100110 10110011 00001001 00000001 00000000 00000100 00001100 
10100110 00100110 11000001 11111111 01111111 00000000 00000000 00000110 
00000001 00000000 00000100 00001000 10100111 00100110 10110011 00000110 
00000001 00000000 00000100 00001100 10101000 00100110 11000101 11111111 
11111111 00000000 00000000 00001001 00000001 00000000 00000100 00001000 
10101001 00100110 10110011 00001001 00000001 00000000 00000100 00001100 
10101010 00100110 11000001 11111111 01111111 00000000 00000000 00000110 
00000001 00000000 00000100 00001000 10101011 00100110 10110011 00000110 
00000001 00000000 00000100 00001100 10101100 00100110 11000101 11111111 
11111111 00000000 00000000 00001001 00000001 00000000 00000100 00001000 
10101101 00100110 10110011 00001001 00000001 00000000 00000100 00001100 
10101110 00100110 11000001 11111111 01111111 00000000 00000000 00000110 
00000001 00000000 00000100 00001000 10101111 00100110 10110011 00000110 
00000001 00000000 00000100 00001100 10110000 00100110 11000101 11111111 
11111111 00000000 00000000 00001001 00000001 00000000 00000100 00001000 
10110001 00100110 10110011 00001001 00000001 00000000 00000100 00001100 
10110010 00100110 11000001 11111111 01111111 00000000 00000000 00000110 
00000001 00000000 00000100 00001000 10110011 00100110 10110011 00000110 
00000001 00000000 00000100 00001100 10110100 00100110 11000101 11111111 
11111111 00000000 00000000 00001001 00000001 00000000 00000100 00001000 
10110101 00100110 10110011 00001001 00000001 00000000 00000100 00001100 
10110110 00100110 11000001 11111111 01111111 00000000 00000000 00000110 
00000001 00000000 00000100 00001000 10110111 00100110 10110011 00000110 
00000001 00000000 00000100 00001100 10111000 00100110 11000101 11111111 
11111111 00000000 00000000 00001001 00000001 00000000 00000100 00001000 
10111001 00100110 10110011 00001001 00000001 00000000 00000100 00001100 
10111010 00100110 11000001 11111111 01111111 00000000 00000000 00000110 
00000001 00000000 00000100 00001000 10111011 00100110 10110011 00000110 
00000001 00000000 00000100 00001100 10111100 00100110 11000101 11111111 
11111111 00000000 00000000 00001001 00000001 00000000 00000100 00001000 
10111101 00100110 10110011 00001001 00000001 00000000 00000100 00001100 
10111110 00100110 11000001 11111111 01111111 00000000 00000000 00000110 
00000001 00000000 00000100 00001000 10111111 00100110 10110011 00000110 
00000001 00000000 00000100 00001100 11000000 00100110 11000101 11111111 
11111111 00000000 00000000 00001001 00000001 00000000 00000100 00001000 
11000001 00100110 10110011 00001001 00000001 00000000 00000100 00001100 
11000010 00100110 11000001 11111111 01111111 00000000 00000000 00000110 
00000001 00000000 00000100 00001000 11000011 00100110 10110011 00000110 
00000001 00000000 00000100 00001100 11000100 00100110 11000101 11111111 
11111111 00000000 00000000 00001001 00000001 00000000 00000100 00001000 
11000101 00100110 10110011 00001001 00000001 00000000 00000100 00001100 
11000110 00100110 11000001 11111111 01111111 00000000 00000000 00000110 
00000001 00000000 00000100 00001000 11000111 00100110 10110011 00000110 
00000001 00000000 00000100 00001100 11001000 00100110 11000101 11111111 
11111111 00000000 00000000 00001001 00000001 00000000 00000100 00001000 
11001001 00100110 10110011 00001001 00000001 00000000 00000100 00001100 
11001010 00100110 11000001 11111111 01111111 00000000 00000000 00000110 
00000001 00000000 00000100 00001000 11001011 00100110 10110011 00000110 
00000001 00000000 00000100 00001100 11001100 00100110 11000101 11111111 
11111111 00000000 00000000 00001001 00000001 00000000 00000100 00001000 
11001101 00100110 10110011 00001001 00000001 00000000 00000100 00001100 
11001110 00100110 11000001 11111111 01111111 00000000 00000000 00000110 
00000001 00000000 00000100 00001000 11001111 00100110 10110011 00000110 
00000001 00000000 00000100 00001100 11010000 00100110 11000101 11111111 
11111111 00000000 00000000 00001001 00000001 00000000 00000100 00001000 
11010001 00100110 10110011 00001001 00000001 00000000 00000100 00001100 
11010010 00100110 11000001 11111111 01111111 00000000 00000000 00000110 
00000001 00000000 00000100 00001000 11010011 00100110 10110011 00000110 
00000001 00000000 00000100 00001100 11010100 00100110 11000101 11111111 
11111111 00000000 00000000 00001001 00000001 00000000 00000100 00001000 
11010101 00100110 10110011 00001001 00000001 00000000 00000100 00001100 
11010110 00100110 11000001 11111111 01111111 00000000 00000000 00000110 
00000001 00000000 00000100 00001000 11010111 00100110 10110011 00000110 
00000001 00000000 00000100 00001100 11011000 00100110 11000101 11111111 
11111111 00000000 00000000 00001001 00000001 00000000 00000100 00001000 
11011001 00100110 10110011 00001001 00000001 00000000 00000100 00001100 
11011010 00100110 11000001 11111111 01111111 00000000 00000000 00000110 
00000001 00000000 00000100 00001000 11011011 00100110 10110011 00000110 
00000001 00000000 00000100 00001100 11011100 00100110 11000101 11111111 
11111111 00000000 00000000 00001001 00000001 00000000 00000100 00001000 
11011101 00100110 10110011 00001001 00000001 00000000 00000100 00001100 
11011110 00100110 11000001 11111111 01111111 00000000 00000000 00000110 
00000001 00000000 00000100 00001000 11011111 00100110 10110011 00000110 
00000001 00000000 00000100 00001100 11100000 00100110 11000101 11111111 
11111111 00000000 00000000 00001001 00000001 00000000 00000100 00001000 
11100001 00100110 10110011 00001001 00000001 00000000 00000100 00001100 
11100010 00100110 11000001 11111111 01111111 00000000 00000000 00000110 
00000001 00000000 00000100 00001000 11100011 00100110 10110011 00000110 
00000001 00000000 00000100 00001100 11100100 00100110 11000101 11111111 
11111111 00000000 00000000 00001001 00000001 00000000 00000100 00001000 
11100101 00100110 10110011 00001001 00000001 00000000 00000100 00001100 
11100110 00100110 11000001 11111111 01111111 00000000 00000000 00000110 
00000001 00000000 00000100 00001000 11100111 00100110 10110011 00000110 
00000001 00000000 00000100 00001100 11101000 00100110 11000101 11111111 
11111111 00000000 00000000 00001001 00000001 00000000 00000100 00001000 
11101001 00100110 10110011 00001001 00000001 00000000 00000100 00001100 
11101010 00100110 11000001 11111111 01111111 00000000 00000000 00000110 
00000001 00000000 00000100 00001000 11101011 00100110 10110011 00000110 
00000001 00000000 00000100 00001100 11101100 00100110 11000101 11111111 
11111111 00000000 00000000 00001001 00000001 00000000 00000100 00001000 
11101101 00100110 10110011 00001001 00000001 00000000 00000100 00001100 
11101110 00100110 11000001 11111111 01111111 00000000 00000000 00000110 
00000001 00000000 00000100 00001000 11101111 00100110 10110011 00000110 
00000001 00000000 00000100 00001100 11110000 00100110 11000101 11111111 
11111111 00000000 00000000 00001001 00000001 00000000 00000100 00001000 
11110001 00100110 10110011 00001001 00000001 00000000 00000100 00001100 
11110010 00100110 11000001 11111111 01111111 00000000 00000000 00000110 
00000001 00000000 00000100 00001000 11110011 00100110 10110011 00000110 
00000001 00000000 00000100 00001100 11110100 00100110 11000101 11111111 
11111111 00000000 00000000 00001001 00000001 00000000 00000100 00001000 
11110101 00100110 10110011 00001001 00000001 00000000 00000100 00001100 
11110110 00100110 11000001 11111111 01111111 00000000 00000000 00000110 
00000001 00000000 00000100 00001000 11110111 00100110 10110011 00000110 
00000001 00000000 00000100 00001100 11111000 00100110 11000101 11111111 
11111111 00000000 00000000 00001001 00000001 00000000 00000100 00001000 
11111001 00100110 10110011 00001001 00000001 00000000 00000100 00001100 
11111010 00100110 11000001 11111111 01111111 00000000 00000000 00000110 
00000001 00000000 00000100 00001000 11111011 00100110 10110011 00000110 
00000001 00000000 00000100 00001100 11111100 00100110 11000101 11111111 
11111111 00000000 00000000 00001001 00000001 00000000 00000100 00001000 
11111101 00100110 10110011 00001001 00000001 00000000 00000100 00001100 
11111110 00100110 11000001 11111111 01111111 00000000 00000000 00000110 
00000001 00000000 00000100 00001000 11111111 00100110 10110011 00000110 
00000001 00000000 00000100 00001100 00000000 00100111 11000101 11111111 
11111111 00000000 00000000 00001001 00000001 00000000 00000100 00000000 
00000000 00000000 00000000 00000000 00000000 00000000 00000000 00000000 
00000000 00000000 00000000 00000000 00000000 00001000 00000001 00100111 
10110011 00001001 00000001 00000000 00000100 00001100 00000010 00100111 
11000001 11111111 01111111 00000000 00000000 00000110 00000001 00000000 
00000100 00001000 00000011 00100111 10110011 00000110 00000001 00000000 
00000100 00001100 00000100 00100111 11000101 11111111 11111111 00000000 
00000000 00001001 00000001 00000000 00000100 00001000 00000101 00100111 
10110011 00001001 00000001 00000000 00000100 00001100 00000110 00100111 
11000001 11111111 01111111 00000000 00000000 00000110 00000001 00000000 
00000100 00001000 00000111 00100111 10110011 00000110 00000001 00000000 
00000100 00001100 00001000 00100111 11000101 11111111 11111111 00000000 
00000000 00001001 00000001 00000000 00000100 00001000 00001001 00100111 
10110011 00001001 00000001 00000000 00000100 00001100 00001010 00100111 
11000001 11111111 01111111 00000000 00000000 00000110 00000001 00000000 
00000100 00001000 00001011 00100111 10110011 00000110 00000001 00000000 
00000100 00001100 00001100 00100111 11000101 11111111 11111111 00000000 
00000000 00001001 00000001 00000000 00000100 00001000 00001101 00100111 
10110011 00001001 00000001 00000000 00000100 00001100 00001110 00100111 
11000001 11111111 01111111 00000000 00000000 00000110 00000001 00000000 
00000100 00001000 00001111 00100111 10110011 00000110 00000001 00000000 
00000100 00001100 00010000 00100111 11000101 11111111 11111111 00000000 
00000000 00001001 00000001 00000000 00000100 00001000 00010001 00100111 
10110011 00001001 00000001 00000000 00000100 00001100 00010010 00100111 
11000001 11111111 01111111 00000000 00000000 00000110 00000001 00000000 
00000100 00001000 00010011 00100111 10110011 00000110 00000001 00000000 
00000100 00001100 00010100 00100111 11000101 11111111 11111111 00000000 
00000000 00001001 00000001 00000000 00000100 00001000 00010101 00100111 
10110011 00001001 00000001 00000000 00000100 00001100 00010110 00100111 
11000001 11111111 01111111 00000000 00000000 00000110 00000001 00000000 
00000100 00001000 00010111 00100111 10110011 00000110 00000001 00000000 
00000100 00001100 00011000 00100111 11000101 11111111 11111111 00000000 
00000000 00001001 00000001 00000000 00000100 00001000 00011001 00100111 
10110011 00001001 00000001 00000000 00000100 00001100 00011010 00100111 
11000001 11111111 01111111 00000000 00000000 00000110 00000001 00000000 
00000100 00001000 00011011 00100111 10110011 00000110 00000001 00000000 
00000100 00001100 00011100 00100111 11000101 11111111 11111111 00000000 
00000000 00001001 00000001 00000000 00000100 00001000 00011101 00100111 
10110011 00001001 00000001 00000000 00000100 00001100 00011110 00100111 
11000001 11111111 01111111 00000000 00000000 00000110 00000001 00000000 
00000100 00001000 00011111 00100111 10110011 00000110 00000001 00000000 
00000100 00001100 00100000 00100111 11000101 11111111 11111111 00000000 
00000000 00001001 00000001 00000000 00000100 00001000 00100001 00100111 
10110011 00001001 00000001 00000000 00000100 00001100 00100010 00100111 
11000001 11111111 01111111 00000000 00000000 00000110 00000001 00000000 
00000100 00001000 00100011 00100111 10110011 00000110 00000001 00000000 
00000100 00001100 00100100 00100111 11000101 11111111 11111111 00000000 
00000000 00001001 00000001 00000000 00000100 00001000 00100101 00100111 
10110011 00001001 00000001 00000000 00000100 00001100 00100110 00100111 
11000001 11111111 01111111 00000000 00000000 00000110 00000001 00000000 
00000100 00001000 00100111 00100111 10110011 00000110 00000001 00000000 
00000100 00001100 00101000 00100111 11000101 11111111 11111111 00000000 
00000000 00001001 00000001 00000000 00000100 00001000 00101001 00100111 
10110011 00001001 00000001 00000000 00000100 00001100 00101010 00100111 
11000001 11111111 01111111 00000000 00000000 00000110 00000001 00000000 
00000100 00001000 00101011 00100111 10110011 00000110 00000001 00000000 
00000100 00001100 00101100 00100111 11000101 11111111 11111111 00000000 
00000000 00001001 00000001 00000000 00000100 00001000 00101101 00100111 
10110011 00001001 00000001 00000000 00000100 00001100 00101110 00100111 
11000001 11111111 01111111 00000000 00000000 00000110 00000001 00000000 
00000100 00001000 00101111 00100111 10110011 00000110 00000001 00000000 
00000100 00001100 00110000 00100111 11000101 11111111 11111111 00000000 
00000000 00001001 00000001 00000000 00000100 00001000 00110001 00100111 
10110011 00001001 00000001 00000000 00000100 00001100 00110010 00100111 
11000001 11111111 01111111 00000000 00000000 00000110 00000001 00000000 
00000100 00001000 00110011 00100111 10110011 00000110 00000001 00000000 
00000100 00001100 00110100 00100111 11000101 11111111 11111111 00000000 
00000000 00001001 00000001 00000000 00000100 00001000 00110101 00100111 
10110011 00001001 00000001 00000000 00000100 00001100 00110110 00100111 
11000001 11111111 01111111 00000000 00000000 00000110 00000001 00000000 
00000100 00001000 00110111 00100111 10110011 00000110 00000001 00000000 
00000100 00001010 00111000 00100111 10111001 11111111 00010111 00000111 
00000001 00000000 00000100 00001000 00111001 00100111 10110011 00000111 
00000001 00000000 00000100 00001100 00111010 00100111 11000101 11111111 
11111111 00000000 00000000 00001010 00000001 00000000 00000100 00001000 
00111011 00100111 10110011 00000100 00000001 00000000 00000100 00001100 
00111100 00100111 11000101 11111111 11111111 00000000 00000000 00000111 
00000001 00000000 00000100 00001000 00111101 00100111 10110011 00000111 
00000001 00000000 00000100 00001100 00111110 00100111 11000101 11111111 
11111111 00000000 00000000 00001010 00000001 00000000 00000100 00001000 
00111111 00100111 10110011 00000100 00000001 00000000 00000100 00001100 
01000000 00100111 11000101 11111111 11111111 00000000 00000000 00000111 
00000001 00000000 00000100 00001000 01000001 00100111 10110011 00000111 
00000001 00000000 00000100 00001100 01000010 00100111 11000101 11111111 
11111111 00000000 00000000 00001010 00000001 00000000 00000100 00001000 
01000011 00100111 10110011 00000100 00000001 00000000 00000100 00001100 
01000100 00100111 11000101 11111111 11111111 00000000 00000000 00000111 
00000001 00000000 00000100 00001000 01000101 00100111 10110011 00000111 
00000001 00000000 00000100 00001100 01000110 00100111 11000101 11111111 
11111111 00000000 00000000 00001010 00000001 00000000 00000100 00001000 
01000111 00100111 10110011 00000100 00000001 00000000 00000100 00001100 
01001000 00100111 11000101 11111111 11111111 00000000 00000000 00000111 
00000001 00000000 00000100 00001000 01001001 00100111 10110011 00000111 
00000001 00000000 00000100 00001100 01001010 00100111 11000101 11111111 
11111111 00000000 00000000 00001010 00000001 00000000 00000100 00001000 
01001011 00100111 10110011 00000100 00000001 00000000 00000100 00001100 
01001100 00100111 11000101 11111111 11111111 00000000 00000000 00000111 
00000001 00000000 00000100 00001000 01001101 00100111 10110011 00000111 
00000001 00000000 00000100 00001100 01001110 00100111 11000101 11111111 
11111111 00000000 00000000 00001010 00000001 00000000 00000100 00001000 
01001111 00100111 10110011 00000100 00000001 00000000 00000100 00001100 
01010000 00100111 11000101 11111111 11111111 00000000 00000000 00000111 
00000001 00000000 00000100 00001000 01010001 00100111 10110011 00000111 
00000001 00000000 00000100 00001100 01010010 00100111 11000101 11111111 
11111111 00000000 00000000 00001010 00000001 00000000 00000100 00001000 
01010011 00100111 10110011 00000100 00000001 00000000 00000100 00001100 
01010100 00100111 11000101 11111111 11111111 00000000 00000000 00000111 
00000001 00000000 00000100 00001000 01010101 00100111 10110011 00000111 
00000001 00000000 00000100 00001100 01010110 00100111 11000101 11111111 
11111111 00000000 00000000 00001010 00000001 00000000 00000100 00001000 
01010111 00100111 10110011 00000100 00000001 00000000 00000100 00001100 
01011000 00100111 11000101 11111111 11111111 00000000 00000000 00000111 
00000001 00000000 00000100 00001000 01011001 00100111 10110011 00000111 
00000001 00000000 00000100 00001100 01011010 00100111 11000101 11111111 
11111111 00000000 00000000 00001010 00000001 00000000 00000100 00001000 
01011011 00100111 10110011 00000100 00000001 00000000 00000100 00001100 
01011100 00100111 11000101 11111111 11111111 00000000 00000000 00000111 
00000001 00000000 00000100 00001000 01011101 00100111 10110011 00000111 
00000001 00000000 00000100 00001100 01011110 00100111 11000101 11111111 
11111111 00000000 00000000 00001010 00000001 00000000 00000100 00001000 
01011111 00100111 10110011 00000100 00000001 00000000 00000100 00001100 
01100000 00100111 11000101 11111111 11111111 00000000 00000000 00000111 
00000001 00000000 00000100 00001000 01100001 00100111 10110011 00000111 
00000001 00000000 00000100 00001100 01100010 00100111 11000101 11111111 
11111111 00000000 00000000 00001010 00000001 00000000 00000100 00001000 
01100011 00100111 10110011 00000100 00000001 00000000 00000100 00001100 
01100100 00100111 11000101 11111111 11111111 00000000 00000000 00000111 
00000001 00000000 00000100 00001000 01100101 00100111 10110011 00000111 
00000001 00000000 00000100 00001100 01100110 00100111 11000101 11111111 
11111111 00000000 00000000 00001010 00000001 00000000 00000100 00001000 
01100111 00100111 10110011 00000100 00000001 00000000 00000100 00001100 
01101000 00100111 11000101 11111111 11111111 00000000 00000000 00000111 
00000001 00000000 00000100 00001000 01101001 00100111 10110011 00000111 
00000001 00000000 00000100 00001100 01101010 00100111 11000101 11111111 
11111111 00000000 00000000 00001010 00000001 00000000 00000100 00001000 
01101011 00100111 10110011 00000100 00000001 00000000 00000100 00001100 
01101100 00100111 11000101 11111111 11111111 00000000 00000000 00000111 
00000001 00000000 00000100 00001000 01101101 00100111 10110011 00000111 
00000001 00000000 00000100 00001100 01101110 00100111 11000101 11111111 
11111111 00000000 00000000 00001010 00000001 00000000 00000100 00001000 
01101111 00100111 10110011 00000100 00000001 00000000 00000100 00001100 
01110000 00100111 11000101 11111111 11111111 00000000 00000000 00000111 
00000001 00000000 00000100 00001000 01110001 00100111 10110011 00000111 
00000001 00000000 00000100 00001100 01110010 00100111 11000101 11111111 
11111111 00000000 00000000 00001010 00000001 00000000 00000100 00001000 
01110011 00100111 10110011 00000100 00000001 00000000 00000100 00001100 
01110100 00100111 11000101 11111111 11111111 00000000 00000000 00000111 
00000001 00000000 00000100 00001000 01110101 00100111 10110011 00000111 
00000001 00000000 00000100 00001100 01110110 00100111 11000101 11111111 
11111111 00000000 00000000 00001010 00000001 00000000 00000100 00001000 
01110111 00100111 10110011 00000100 00000001 00000000 00000100 00001100 
01111000 00100111 11000101 11111111 11111111 00000000 00000000 00000111 
00000001 00000000 00000100 00001000 01111001 00100111 10110011 00000111 
00000001 00000000 00000100 00001100 01111010 00100111 11000101 11111111 
11111111 00000000 00000000 00001010 00000001 00000000 00000100 00001000 
01111011 00100111 10110011 00000100 00000001 00000000 00000100 00001100 
01111100 00100111 11000101 11111111 11111111 00000000 00000000 00000111 
00000001 00000000 00000100 00001000 01111101 00100111 10110011 00000111 
00000001 00000000 00000100 00001100 01111110 00100111 11000101 11111111 
11111111 00000000 00000000 00001010 00000001 00000000 00000100 00001000 
01111111 00100111 10110011 00000100 00000001 00000000 00000100 00001100 
10000000 00100111 11000101 11111111 11111111 00000000 00000000 00000111 
00000001 00000000 00000100 00001000 10000001 00100111 10110011 00000111 
00000001 00000000 00000100 00000000 00000000 00000000 00000000 00000000 
00000000 00000000 00000000 00000000 00000000 00000000 00000000 00000000 
00000000 00001100 10000010 00100111 11000101 11111111 11111111 00000000 
00000000 00001010 00000001 00000000 00000100 00001000 10000011 00100111 
10110011 00000100 00000001 00000000 00000100 00001100 10000100 00100111 
11000101 11111111 11111111 00000000 00000000 00000111 00000001 00000000 
00000100 00001000 10000101 00100111 10110011 00000111 00000001 00000000 
00000100 00001100 10000110 00100111 11000101 11111111 11111111 00000000 
00000000 00001010 00000001 00000000 00000100 00001000 10000111 00100111 
10110011 00000100 00000001 00000000 00000100 00001100 10001000 00100111 
11000101 11111111 11111111 00000000 00000000 00000111 00000001 00000000 
00000100 00001000 10001001 00100111 10110011 00000111 00000001 00000000 
00000100 00001100 10001010 00100111 11000101 11111111 11111111 00000000 
00000000 00001010 00000001 00000000 00000100 00001000 10001011 00100111 
10110011 00000100 00000001 00000000 00000100 00001100 10001100 00100111 
11000101 11111111 11111111 00000000 00000000 00000111 00000001 00000000 
00000100 00001000 10001101 00100111 10110011 00000111 00000001 00000000 
00000100 00001100 10001110 00100111 11000101 11111111 11111111 00000000 
00000000 00001010 00000001 00000000 00000100 00001000 10001111 00100111 
10110011 00000100 00000001 00000000 00000100 00001100 10010000 00100111 
11000101 11111111 11111111 00000000 00000000 00000111 00000001 00000000 
00000100 00001000 10010001 00100111 10110011 00000111 00000001 00000000 
00000100 00001100 10010010 00100111 11000101 11111111 11111111 00000000 
00000000 00001010 00000001 00000000 00000100 00001000 10010011 00100111 
10110011 00000100 00000001 00000000 00000100 00001100 10010100 00100111 
11000101 11111111 11111111 00000000 00000000 00000111 00000001 00000000 
00000100 00001000 10010101 00100111 10110011 00000111 00000001 00000000 
00000100 00001100 10010110 00100111 11000101 11111111 11111111 00000000 
00000000 00001010 00000001 00000000 00000100 00001000 10010111 00100111 
10110011 00000100 00000001 00000000 00000100 00001100 10011000 00100111 
11000101 11111111 11111111 00000000 00000000 00000111 00000001 00000000 
00000100 00001000 10011001 00100111 10110011 00000111 00000001 00000000 
00000100 00001100 10011010 00100111 11000101 11111111 11111111 00000000 
00000000 00001010 00000001 00000000 00000100 00001000 10011011 00100111 
10110011 00000100 00000001 00000000 00000100 00001100 10011100 00100111 
11000101 11111111 11111111 00000000 00000000 00000111 00000001 00000000 
00000100 00001000 10011101 00100111 10110011 00000111 00000001 00000000 
00000100 00001100 10011110 00100111 11000101 11111111 11111111 00000000 
00000000 00001010 00000001 00000000 00000100 00001000 10011111 00100111 
10110011 00000100 00000001 00000000 00000100 00001100 10100000 00100111 
11000101 11111111 11111111 00000000 00000000 00000111 00000001 00000000 
00000100 00001000 10100001 00100111 10110011 00000111 00000001 00000000 
00000100 00001100 10100010 00100111 11000101 11111111 11111111 00000000 
00000000 00001010 00000001 00000000 00000100 00001000 10100011 00100111 
10110011 00000100 00000001 00000000 00000100 00001100 10100100 00100111 
11000101 11111111 11111111 00000000 00000000 00000111 00000001 00000000 
00000100 00001000 10100101 00100111 10110011 00000111 00000001 00000000 
00000100 00001100 10100110 00100111 11000101 11111111 11111111 00000000 
00000000 00001010 00000001 00000000 00000100 00001000 10100111 00100111 
10110011 00000100 00000001 00000000 00000100 00001100 10101000 00100111 
11000101 11111111 11111111 00000000 00000000 00000111 00000001 00000000 
00000100 00001000 10101001 00100111 10110011 00000111 00000001 00000000 
00000100 00001100 10101010 00100111 11000101 11111111 11111111 00000000 
00000000 00001010 00000001 00000000 00000100 00001000 10101011 00100111 
10110011 00000100 00000001 00000000 00000100 00001100 10101100 00100111 
11000101 11111111 11111111 00000000 00000000 00000111 00000001 00000000 
00000100 00001000 10101101 00100111 10110011 00000111 00000001 00000000 
00000100 00001100 10101110 00100111 11000101 11111111 11111111 00000000 
00000000 00001010 00000001 00000000 00000100 00001000 10101111 00100111 
10110011 00000100 00000001 00000000 00000100 00001100 10110000 00100111 
11000101 11111111 11111111 00000000 00000000 00000111 00000001 00000000 
00000100 00001000 10110001 00100111 10110011 00000111 00000001 00000000 
00000100 00001100 10110010 00100111 11000101 11111111 11111111 00000000 
00000000 00001010 00000001 00000000 00000100 00001000 10110011 00100111 
10110011 00000100 00000001 00000000 00000100 00001100 10110100 00100111 
11000101 11111111 11111111 00000000 00000000 00000111 00000001 00000000 
00000100 00001000 10110101 00100111 10110011 00000111 00000001 00000000 
00000100 00001100 10110110 00100111 11000101 11111111 11111111 00000000 
00000000 00001010 00000001 00000000 00000100 00001000 10110111 00100111 
10110011 00000100 00000001 00000000 00000100 00001100 10111000 00100111 
11000101 11111111 11111111 00000000 00000000 00000111 00000001 00000000 
00000100 00001000 10111001 00100111 10110011 00000111 00000001 00000000 
00000100 00001100 10111010 00100111 11000101 11111111 11111111 00000000 
00000000 00001010 00000001 00000000 00000100 00001000 10111011 00100111 
10110011 00000100 00000001 00000000 00000100 00001100 10111100 00100111 
11000101 11111111 11111111 00000000 00000000 00000111 00000001 00000000 
00000100 00001000 10111101 00100111 10110011 00000111 00000001 00000000 
00000100 00001100 10111110 00100111 11000101 11111111 11111111 00000000 
00000000 00001010 00000001 00000000 00000100 00001000 10111111 00100111 
10110011 00000100 00000001 00000000 00000100 00001100 11000000 00100111 
11000101 11111111 11111111 00000000 00000000 00000111 00000001 00000000 
00000100 00001000 11000001 00100111 10110011 00000111 00000001 00000000 
00000100 00001100 11000010 00100111 11000101 11111111 11111111 00000000 
00000000 00001010 00000001 00000000 00000100 00001000 11000011 00100111 
10110011 00000100 00000001 00000000 00000100 00001100 11000100 00100111 
11000101 11111111 11111111 00000000 00000000 00000111 00000001 00000000 
00000100 00001000 11000101 00100111 10110011 00000111 00000001 00000000 
00000100 00001100 11000110 00100111 11000101 11111111 11111111 00000000 
00000000 00001010 00000001 00000000 00000100 00001000 11000111 00100111 
10110011 00000100 00000001 00000000 00000100 00001100 11001000 00100111 
11000101 11111111 11111111 00000000 00000000 00000111 00000001 00000000 
00000100 00001000 11001001 00100111 10110011 00000111 00000001 00000000 
00000100 00001100 11001010 00100111 11000101 11111111 11111111 00000000 
00000000 00001010 00000001 00000000 00000100 00001000 11001011 00100111 
10110011 00000100 00000001 00000000 00000100 00001100 11001100 00100111 
11000101 11111111 11111111 00000000 00000000 00000111 00000001 00000000 
00000100 00001000 11001101 00100111 10110011 00000111 00000001 00000000 
00000100 00001100 11001110 00100111 11000101 11111111 11111111 00000000 
00000000 00001010 00000001 00000000 00000100 00001000 11001111 00100111 
10110011 00000100 00000001 00000000 00000100 00001100 11010000 00100111 
11000101 11111111 11111111 00000000 00000000 00000111 00000001 00000000 
00000100 00001000 11010001 00100111 10110011 00000111 00000001 00000000 
00000100 00001100 11010010 00100111 11000101 11111111 11111111 00000000 
00000000 00001010 00000001 00000000 00000100 00001000 11010011 00100111 
10110011 00000100 00000001 00000000 00000100 00001100 11010100 00100111 
11000101 11111111 11111111 00000000 00000000 00000111 00000001 00000000 
00000100 00001000 11010101 00100111 10110011 00000111 00000001 00000000 
00000100 00001100 11010110 00100111 11000101 11111111 11111111 00000000 
00000000 00001010 00000001 00000000 00000100 00001000 11010111 00100111 
10110011 00000100 00000001 00000000 00000100 00001100 11011000 00100111 
11000101 11111111 11111111 00000000 00000000 00000111 00000001 00000000 
00000100 00001000 11011001 00100111 10110011 00000111 00000001 00000000 
00000100 00001100 11011010 00100111 11000101 11111111 11111111 00000000 
00000000 00001010 00000001 00000000 00000100 00001000 11011011 00100111 
10110011 00000100 00000001 00000000 00000100 00001100 11011100 00100111 
11000101 11111111 11111111 00000000 00000000 00000111 00000001 00000000 
00000100 00001000 11011101 00100111 10110011 00000111 00000001 00000000 
00000100 00001100 11011110 00100111 11000101 11111111 11111111 00000000 
00000000 00001010 00000001 00000000 00000100 00001000 11011111 00100111 
10110011 00000100 00000001 00000000 00000100 00001100 11100000 00100111 
11000101 11111111 11111111 00000000 00000000 00000111 00000001 00000000 
00000100 00001000 11100001 00100111 10110011 00000111 00000001 00000000 
00000100 00001100 11100010 00100111 11000101 11111111 11111111 00000000 
00000000 00001010 00000001 00000000 00000100 00001000 11100011 00100111 
10110011 00000100 00000001 00000000 00000100 00001100 11100100 00100111 
11000101 11111111 11111111 00000000 00000000 00000111 00000001 00000000 
00000100 00001000 11100101 00100111 10110011 00000111 00000001 00000000 
00000100 00001100 11100110 00100111 11000101 11111111 11111111 00000000 
00000000 00001010 00000001 00000000 00000100 00001000 11100111 00100111 
10110011 00000100 00000001 00000000 00000100 00001100 11101000 00100111 
11000101 11111111 11111111 00000000 00000000 00000111 00000001 00000000 
00000100 00001000 11101001 00100111 10110011 00000111 00000001 00000000 
00000100 00001100 11101010 00100111 11000101 11111111 11111111 00000000 
00000000 00001010 00000001 00000000 00000100 00001000 11101011 00100111 
10110011 00000100 00000001 00000000 00000100 00001100 11101100 00100111 
11000101 11111111 11111111 00000000 00000000 00000111 00000001 00000000 
00000100 00001000 11101101 00100111 10110011 00000111 00000001 00000000 
00000100 00001100 11101110 00100111 11000101 11111111 11111111 00000000 
00000000 00001010 00000001 00000000 00000100 00001000 11101111 00100111 
10110011 00000100 00000001 00000000 00000100 00001100 11110000 00100111 
11000101 11111111 11111111 00000000 00000000 00000111 00000001 00000000 
00000100 00001000 11110001 00100111 10110011 00000111 00000001 00000000 
00000100 00001100 11110010 00100111 11000101 11111111 11111111 00000000 
00000000 00001010 00000001 00000000 00000100 00001000 11110011 00100111 
10110011 00000100 00000001 00000000 00000100 00001100 11110100 00100111 
11000101 11111111 11111111 00000000 00000000 00000111 00000001 00000000 
00000100 00001000 11110101 00100111 10110011 00000111 00000001 00000000 
00000100 00001100 11110110 00100111 11000101 11111111 11111111 00000000 
00000000 00001010 00000001 00000000 00000100 00001000 11110111 00100111 
10110011 00000100 00000001 00000000 00000100 00001100 11111000 00100111 
11000101 11111111 11111111 00000000 00000000 00000111 00000001 00000000 
00000100 00001000 11111001 00100111 10110011 00000111 00000001 00000000 
00000100 00001100 11111010 00100111 11000101 11111111 11111111 00000000 
00000000 00001010 00000001 00000000 00000100 00001000 11111011 00100111 
10110011 00000100 00000001 00000000 00000100 00001100 11111100 00100111 
11000101 11111111 11111111 00000000 00000000 00000111 00000001 00000000 
00000100 00001000 11111101 00100111 10110011 00000111 00000001 00000000 
00000100 00001100 11111110 00100111 11000101 11111111 11111111 00000000 
00000000 00001010 00000001 00000000 00000100 00001000 11111111 00100111 
10110011 00000100 00000001 00000000 00000100 00001100 00000000 00101000 
11000101 11111111 11111111 00000000 00000000 00000111 00000001 00000000 
00000100 00001000 00000001 00101000 10110011 00000111 00000001 00000000 
00000100 00000000 00000000 00000000 00000000 00000000 00000000 00000000 
00000000 00000000 00000000 00000000 00000000 00000000 00000000 00001100 
00000010 00101000 11000101 11111111 11111111 00000000 00000000 00001010 
00000001 00000000 00000100 00001000 00000011 00101000 10110011 00000100 
00000001 00000000 00000100 00001100 00000100 00101000 11000101 11111111 
11111111 00000000 00000000 00000111 00000001 00000000 00000100 00001000 
00000101 00101000 10110011 00000111 00000001 00000000 00000100 00001100 
00000110 00101000 11000101 11111111 11111111 00000000 00000000 00001010 
00000001 00000000 00000100 00001000 00000111 00101000 10110011 00000100 
00000001 00000000 00000100 00001100 00001000 00101000 11000101 11111111 
11111111 00000000 00000000 00000111 00000001 00000000 00000100 00001000 
00001001 00101000 10110011 00000111 00000001 00000000 00000100 00001100 
00001010 00101000 11000101 11111111 11111111 00000000 00000000 00001010 
00000001 00000000 00000100 00001000 00001011 00101000 10110011 00000100 
00000001 00000000 00000100 00001100 00001100 00101000 11000101 11111111 
11111111 00000000 00000000 00000111 00000001 00000000 00000100 00001000 
00001101 00101000 10110011 00000111 00000001 00000000 00000100 00001100 
00001110 00101000 11000101 11111111 11111111 00000000 00000000 00001010 
00000001 00000000 00000100 00001000 00001111 00101000 10110011 00000100 
00000001 00000000 00000100 00001100 00010000 00101000 11000101 11111111 
11111111 00000000 00000000 00000111 00000001 00000000 00000100 00001000 
00010001 00101000 10110011 00000111 00000001 00000000 00000100 00001100 
00010010 00101000 11000101 11111111 11111111 00000000 00000000 00001010 
00000001 00000000 00000100 00001000 00010011 00101000 10110011 00000100 
00000001 00000000 00000100 00001100 00010100 00101000 11000101 11111111 
11111111 00000000 00000000 00000111 00000001 00000000 00000100 00001000 
00010101 00101000 10110011 00000111 00000001 00000000 00000100 00001100 
00010110 00101000 11000101 11111111 11111111 00000000 00000000 00001010 
00000001 00000000 00000100 00001000 00010111 00101000 10110011 00000100 
00000001 00000000 00000100 00001100 00011000 00101000 11000101 11111111 
11111111 00000000 00000000 00000111 00000001 00000000 00000100 00001000 
00011001 00101000 10110011 00000111 00000001 00000000 00000100 00001100 
00011010 00101000 11000101 11111111 11111111 00000000 00000000 00001010 
00000001 00000000 00000100 00001000 00011011 00101000 10110011 00000100 
00000001 00000000 00000100 00001100 00011100 00101000 11000101 11111111 
11111111 00000000 00000000 00000111 00000001 00000000 00000100 00001000 
00011101 00101000 10110011 00000111 00000001 00000000 00000100 00001100 
00011110 00101000 11000101 11111111 11111111 00000000 00000000 00001010 
00000001 00000000 00000100 00001000 00011111 00101000 10110011 00000100 
00000001 00000000 00000100 00001100 00100000 00101000 11000101 11111111 
11111111 00000000 00000000 00000111 00000001 00000000 00000100 00001000 
00100001 00101000 10110011 00000111 00000001 00000000 00000100 00001100 
00100010 00101000 11000101 11111111 11111111 00000000 00000000 00001010 
00000001 00000000 00000100 00001000 00100011 00101000 10110011 00000100 
00000001 00000000 00000100 00001100 00100100 00101000 11000101 11111111 
11111111 00000000 00000000 00000111 00000001 00000000 00000100 00001000 
00100101 00101000 10110011 00000111 00000001 00000000 00000100 00001100 
00100110 00101000 11000101 11111111 11111111 00000000 00000000 00001010 
00000001 00000000 00000100 00001000 00100111 00101000 10110011 00000100 
00000001 00000000 00000100 00001100 00101000 00101000 11000101 11111111 
11111111 00000000 00000000 00000111 00000001 00000000 00000100 00001000 
00101001 00101000 10110011 00000111 00000001 00000000 00000100 00001100 
00101010 00101000 11000101 11111111 11111111 00000000 00000000 00001010 
00000001 00000000 00000100 00001000 00101011 00101000 10110011 00000100 
00000001 00000000 00000100 00001100 00101100 00101000 11000101 11111111 
11111111 00000000 00000000 00000111 00000001 00000000 00000100 00001000 
00101101 00101000 10110011 00000111 00000001 00000000 00000100 00001100 
00101110 00101000 11000101 11111111 11111111 00000000 00000000 00001010 
00000001 00000000 00000100 00001000 00101111 00101000 10110011 00000100 
00000001 00000000 00000100 00001100 00110000 00101000 11000101 11111111 
11111111 00000000 00000000 00000111 00000001 00000000 00000100 00001000 
00110001 00101000 10110011 00000111 00000001 00000000 00000100 00001100 
00110010 00101000 11000101 11111111 11111111 00000000 00000000 00001010 
00000001 00000000 00000100 00001000 00110011 00101000 10110011 00000100 
00000001 00000000 00000100 00001100 00110100 00101000 11000101 11111111 
11111111 00000000 00000000 00000111 00000001 00000000 00000100 00001000 
00110101 00101000 10110011 00000111 00000001 00000000 00000100 00001100 
00110110 00101000 11000101 11111111 11111111 00000000 00000000 00001010 
00000001 00000000 00000100 00001000 00110111 00101000 10110011 00000100 
00000001 00000000 00000100 00001100 00111000 00101000 11000101 11111111 
11111111 00000000 00000000 00000111 00000001 00000000 00000100 00001000 
00111001 00101000 10110011 00000111 00000001 00000000 00000100 00001100 
00111010 00101000 11000101 11111111 11111111 00000000 00000000 00001010 
00000001 00000000 00000100 00001000 00111011 00101000 10110011 00000100 
00000001 00000000 00000100 00001100 00111100 00101000 11000101 11111111 
11111111 00000000 00000000 00000111 00000001 00000000 00000100 00001000 
00111101 00101000 10110011 00000111 00000001 00000000 00000100 00001100 
00111110 00101000 11000101 11111111 11111111 00000000 00000000 00001010 
00000001 00000000 00000100 00001000 00111111 00101000 10110011 00000100 
00000001 00000000 00000100 00001100 01000000 00101000 11000101 11111111 
11111111 00000000 00000000 00000111 00000001 00000000 00000100 00001000 
01000001 00101000 10110011 00000111 00000001 00000000 00000100 00001100 
01000010 00101000 11000101 11111111 11111111 00000000 00000000 00001010 
00000001 00000000 00000100 00001000 01000011 00101000 10110011 00000100 
00000001 00000000 00000100 00001100 01000100 00101000 11000101 11111111 
11111111 00000000 00000000 00000111 00000001 00000000 00000100 00001000 
01000101 00101000 10110011 00000111 00000001 00000000 00000100 00001100 
01000110 00101000 11000101 11111111 11111111 00000000 00000000 00001010 
00000001 00000000 00000100 00001000 01000111 00101000 10110011 00000100 
00000001 00000000 00000100 00001100 01001000 00101000 11000101 11111111 
11111111 00000000 00000000 00000111 00000001 00000000 00000100 00001000 
01001001 00101000 10110011 00000111 00000001 00000000 00000100 00001100 
01001010 00101000 11000101 11111111 11111111 00000000 00000000 00001010 
00000001 00000000 00000100 00001000 01001011 00101000 10110011 00000100 
00000001 00000000 00000100 00001100 01001100 00101000 11000101 11111111 
11111111 00000000 00000000 00000111 00000001 00000000 00000100 00001000 
01001101 00101000 10110011 00000111 00000001 00000000 00000100 00001100 
01001110 00101000 11000101 11111111 11111111 00000000 00000000 00001010 
00000001 00000000 00000100 00001000 01001111 00101000 10110011 00000100 
00000001 00000000 00000100 00001100 01010000 00101000 11000101 11111111 
11111111 00000000 00000000 00000111 00000001 00000000 00000100 00001000 
01010001 00101000 10110011 00000111 00000001 00000000 00000100 00001100 
01010010 00101000 11000101 11111111 11111111 00000000 00000000 00001010 
00000001 00000000 00000100 00001000 01010011 00101000 10110011 00000100 
00000001 00000000 00000100 00001100 01010100 00101000 11000101 11111111 
11111111 00000000 00000000 00000111 00000001 00000000 00000100 00001000 
01010101 00101000 10110011 00000111 00000001 00000000 00000100 00001100 
01010110 00101000 11000101 11111111 11111111 00000000 00000000 00001010 
00000001 00000000 00000100 00001000 01010111 00101000 10110011 00000100 
00000001 00000000 00000100 00001100 01011000 00101000 11000101 11111111 
11111111 00000000 00000000 00000111 00000001 00000000 00000100 00001000 
01011001 00101000 10110011 00000111 00000001 00000000 00000100 00001010 
01011010 00101000 10111001 11111111 00001111 00000010 00000001 00000000 
00000100 00001000 01011011 00101000 10110011 00000010 00000001 00000000 
00000100 00001100 01011100 00101000 11000001 11111111 01111111 00000000 
00000000 00000101 00000001 00000000 00000100 00001000 01011101 00101000 
10110011 00000101 00000001 00000000 00000100 00001100 01011110 00101000 
11000101 11111111 11111111 00000000 00000000 00001000 00000001 00000000 
00000100 00001000 01011111 00101000 10110011 00001000 00000001 00000000 
00000100 00001100 01100000 00101000 11000101 11111111 11111111 00000000 
00000000 00000101 00000001 00000000 00000100 00001000 01100001 00101000 
10110011 00000101 00000001 00000000 00000100 00001100 01100010 00101000 
11000101 11111111 11111111 00000000 00000000 00001000 00000001 00000000 
00000100 00001000 01100011 00101000 10110011 00001000 00000001 00000000 
00000100 00001100 01100100 00101000 11000101 11111111 11111111 00000000 
00000000 00000101 00000001 00000000 00000100 00001000 01100101 00101000 
10110011 00000101 00000001 00000000 00000100 00001100 01100110 00101000 
11000101 11111111 11111111 00000000 00000000 00001000 00000001 00000000 
00000100 00001000 01100111 00101000 10110011 00001000 00000001 00000000 
00000100 00001100 01101000 00101000 11000101 11111111 11111111 00000000 
00000000 00000101 00000001 00000000 00000100 00001000 01101001 00101000 
10110011 00000101 00000001 00000000 00000100 00001100 01101010 00101000 
11000101 11111111 11111111 00000000 00000000 00001000 00000001 00000000 
00000100 00001000 01101011 00101000 10110011 00001000 00000001 00000000 
00000100 00001100 01101100 00101000 11000101 11111111 11111111 00000000 
00000000 00000101 00000001 00000000 00000100 00001000 01101101 00101000 
10110011 00000101 00000001 00000000 00000100 00001100 01101110 00101000 
11000101 11111111 11111111 00000000 00000000 00001000 00000001 00000000 
00000100 00001000 01101111 00101000 10110011 00001000 00000001 00000000 
00000100 00001100 01110000 00101000 11000101 11111111 11111111 00000000 
00000000 00000101 00000001 00000000 00000100 00001000 01110001 00101000 
10110011 00000101 00000001 00000000 00000100 00001100 01110010 00101000 
11000101 11111111 11111111 00000000 00000000 00001000 00000001 00000000 
00000100 00001000 01110011 00101000 10110011 00001000 00000001 00000000 
00000100 00001100 01110100 00101000 11000101 11111111 11111111 00000000 
00000000 00000101 00000001 00000000 00000100 00001000 01110101 00101000 
10110011 00000101 00000001 00000000 00000100 00001100 01110110 00101000 
11000101 11111111 11111111 00000000 00000000 00001000 00000001 00000000 
00000100 00001000 01110111 00101000 10110011 00001000 00000001 00000000 
00000100 00001100 01111000 00101000 11000101 11111111 11111111 00000000 
00000000 00000101 00000001 00000000 00000100 00001000 01111001 00101000 
10110011 00000101 00000001 00000000 00000100 00001100 01111010 00101000 
11000101 11111111 11111111 00000000 00000000 00001000 00000001 00000000 
00000100 00001000 01111011 00101000 10110011 00001000 00000001 00000000 
00000100 00001100 01111100 00101000 11000101 11111111 11111111 00000000 
00000000 00000101 00000001 00000000 00000100 00001000 01111101 00101000 
10110011 00000101 00000001 00000000 00000100 00001100 01111110 00101000 
11000101 11111111 11111111 00000000 00000000 00001000 00000001 00000000 
00000100 00001000 01111111 00101000 10110011 00001000 00000001 00000000 
00000100 00001100 10000000 00101000 11000101 11111111 11111111 00000000 
00000000 00000101 00000001 00000000 00000100 00000000 00000000 00000000 
00000000 00000000 00000000 00000000 00000000 00000000 00000000 00000000 
00000000 00000000 00000000 00001000 10000001 00101000 10110011 00000101 
00000001 00000000 00000100 00001100 10000010 00101000 11000101 11111111 
11111111 00000000 00000000 00001000 00000001 00000000 00000100 00001000 
10000011 00101000 10110011 00001000 00000001 00000000 00000100 00001100 
10000100 00101000 11000101 11111111 11111111 00000000 00000000 00000101 
00000001 00000000 00000100 00001000 10000101 00101000 10110011 00000101 
00000001 00000000 00000100 00001100 10000110 00101000 11000101 11111111 
11111111 00000000 00000000 00001000 00000001 00000000 00000100 00001000 
10000111 00101000 10110011 00001000 00000001 00000000 00000100 00001100 
10001000 00101000 11000101 11111111 11111111 00000000 00000000 00000101 
00000001 00000000 00000100 00001000 10001001 00101000 10110011 00000101 
00000001 00000000 00000100 00001100 10001010 00101000 11000101 11111111 
11111111 00000000 00000000 00001000 00000001 00000000 00000100 00001000 
10001011 00101000 10110011 00001000 00000001 00000000 00000100 00001100 
10001100 00101000 11000101 11111111 11111111 00000000 00000000 00000101 
00000001 00000000 00000100 00001000 10001101 00101000 10110011 00000101 
00000001 00000000 00000100 00001100 10001110 00101000 11000101 11111111 
11111111 00000000 00000000 00001000 00000001 00000000 00000100 00001000 
10001111 00101000 10110011 00001000 00000001 00000000 00000100 00001100 
10010000 00101000 11000101 11111111 11111111 00000000 00000000 00000101 
00000001 00000000 00000100 00001000 10010001 00101000 10110011 00000101 
00000001 00000000 00000100 00001100 10010010 00101000 11000101 11111111 
11111111 00000000 00000000 00001000 00000001 00000000 00000100 00001000 
10010011 00101000 10110011 00001000 00000001 00000000 00000100 00001100 
10010100 00101000 11000101 11111111 11111111 00000000 00000000 00000101 
00000001 00000000 00000100 00001000 10010101 00101000 10110011 00000101 
00000001 00000000 00000100 00001100 10010110 00101000 11000101 11111111 
11111111 00000000 00000000 00001000 00000001 00000000 00000100 00001000 
10010111 00101000 10110011 00001000 00000001 00000000 00000100 00001100 
10011000 00101000 11000101 11111111 11111111 00000000 00000000 00000101 
00000001 00000000 00000100 00001000 10011001 00101000 10110011 00000101 
00000001 00000000 00000100 00001100 10011010 00101000 11000101 11111111 
11111111 00000000 00000000 00001000 00000001 00000000 00000100 00001000 
10011011 00101000 10110011 00001000 00000001 00000000 00000100 00001100 
10011100 00101000 11000101 11111111 11111111 00000000 00000000 00000101 
00000001 00000000 00000100 00001000 10011101 00101000 10110011 00000101 
00000001 00000000 00000100 00001100 10011110 00101000 11000101 11111111 
11111111 00000000 00000000 00001000 00000001 00000000 00000100 00001000 
10011111 00101000 10110011 00001000 00000001 00000000 00000100 00001100 
10100000 00101000 11000101 11111111 11111111 00000000 00000000 00000101 
00000001 00000000 00000100 00001000 10100001 00101000 10110011 00000101 
00000001 00000000 00000100 00001100 10100010 00101000 11000101 11111111 
11111111 00000000 00000000 00001000 00000001 00000000 00000100 00001000 
10100011 00101000 10110011 00001000 00000001 00000000 00000100 00001100 
10100100 00101000 11000101 11111111 11111111 00000000 00000000 00000101 
00000001 00000000 00000100 00001000 10100101 00101000 10110011 00000101 
00000001 00000000 00000100 00001100 10100110 00101000 11000101 11111111 
11111111 00000000 00000000 00001000 00000001 00000000 00000100 00001000 
10100111 00101000 10110011 00001000 00000001 00000000 00000100 00001100 
10101000 00101000 11000101 11111111 11111111 00000000 00000000 00000101 
00000001 00000000 00000100 00001000 10101001 00101000 10110011 00000101 
00000001 00000000 00000100 00001100 10101010 00101000 11000101 11111111 
11111111 00000000 00000000 00001000 00000001 00000000 00000100 00001000 
10101011 00101000 10110011 00001000 00000001 00000000 00000100 00001100 
10101100 00101000 11000101 11111111 11111111 00000000 00000000 00000101 
00000001 00000000 00000100 00001000 10101101 00101000 10110011 00000101 
00000001 00000000 00000100 00001100 10101110 00101000 11000101 11111111 
11111111 00000000 00000000 00001000 00000001 00000000 00000100 00001000 
10101111 00101000 10110011 00001000 00000001 00000000 00000100 00001100 
10110000 00101000 11000101 11111111 11111111 00000000 00000000 00000101 
00000001 00000000 00000100 00001000 10110001 00101000 10110011 00000101 
00000001 00000000 00000100 00001100 10110010 00101000 11000101 11111111 
11111111 00000000 00000000 00001000 00000001 00000000 00000100 00001000 
10110011 00101000 10110011 00001000 00000001 00000000 00000100 00001100 
10110100 00101000 11000101 11111111 11111111 00000000 00000000 00000101 
00000001 00000000 00000100 00001000 10110101 00101000 10110011 00000101 
00000001 00000000 00000100 00001100 10110110 00101000 11000101 11111111 
11111111 00000000 00000000 00001000 00000001 00000000 00000100 00001000 
10110111 00101000 10110011 00001000 00000001 00000000 00000100 00001100 
10111000 00101000 11000101 11111111 11111111 00000000 00000000 00000101 
00000001 00000000 00000100 00001000 10111001 00101000 10110011 00000101 
00000001 00000000 00000100 00001100 10111010 00101000 11000101 11111111 
11111111 00000000 00000000 00001000 00000001 00000000 00000100 00001000 
10111011 00101000 10110011 00001000 00000001 00000000 00000100 00001100 
10111100 00101000 11000101 11111111 11111111 00000000 00000000 00000101 
00000001 00000000 00000100 00001000 10111101 00101000 10110011 00000101 
00000001 00000000 00000100 00001100 10111110 00101000 11000101 11111111 
11111111 00000000 00000000 00001000 00000001 00000000 00000100 00001000 
10111111 00101000 10110011 00001000 00000001 00000000 00000100 00001100 
11000000 00101000 11000101 11111111 11111111 00000000 00000000 00000101 
00000001 00000000 00000100 00001000 11000001 00101000 10110011 00000101 
00000001 00000000 00000100 00001100 11000010 00101000 11000101 11111111 
11111111 00000000 00000000 00001000 00000001 00000000 00000100 00001000 
11000011 00101000 10110011 00001000 00000001 00000000 00000100 00001100 
11000100 00101000 11000101 11111111 11111111 00000000 00000000 00000101 
00000001 00000000 00000100 00001000 11000101 00101000 10110011 00000101 
00000001 00000000 00000100 00001100 11000110 00101000 11000101 11111111 
11111111 00000000 00000000 00001000 00000001 00000000 00000100 00001000 
11000111 00101000 10110011 00001000 00000001 00000000 00000100 00001100 
11001000 00101000 11000101 11111111 11111111 00000000 00000000 00000101 
00000001 00000000 00000100 00001000 11001001 00101000 10110011 00000101 
00000001 00000000 00000100 00001100 11001010 00101000 11000101 11111111 
11111111 00000000 00000000 00001000 00000001 00000000 00000100 00001000 
11001011 00101000 10110011 00001000 00000001 00000000 00000100 00001100 
11001100 00101000 11000101 11111111 11111111 00000000 00000000 00000101 
00000001 00000000 00000100 00001000 11001101 00101000 10110011 00000101 
00000001 00000000 00000100 00001100 11001110 00101000 11000101 11111111 
11111111 00000000 00000000 00001000 00000001 00000000 00000100 00001000 
11001111 00101000 10110011 00001000 00000001 00000000 00000100 00001100 
11010000 00101000 11000101 11111111 11111111 00000000 00000000 00000101 
00000001 00000000 00000100 00001000 11010001 00101000 10110011 00000101 
00000001 00000000 00000100 00001100 11010010 00101000 11000101 11111111 
11111111 00000000 00000000 00001000 00000001 00000000 00000100 00001000 
11010011 00101000 10110011 00001000 00000001 00000000 00000100 00001100 
11010100 00101000 11000101 11111111 11111111 00000000 00000000 00000101 
00000001 00000000 00000100 00001000 11010101 00101000 10110011 00000101 
00000001 00000000 00000100 00001100 11010110 00101000 11000101 11111111 
11111111 00000000 00000000 00001000 00000001 00000000 00000100 00001000 
11010111 00101000 10110011 00001000 00000001 00000000 00000100 00001100 
11011000 00101000 11000101 11111111 11111111 00000000 00000000 00000101 
00000001 00000000 00000100 00001000 11011001 00101000 10110011 00000101 
00000001 00000000 00000100 00001100 11011010 00101000 11000101 11111111 
11111111 00000000 00000000 00001000 00000001 00000000 00000100 00001000 
11011011 00101000 10110011 00001000 00000001 00000000 00000100 00001100 
11011100 00101000 11000101 11111111 11111111 00000000 00000000 00000101 
00000001 00000000 00000100 00001000 11011101 00101000 10110011 00000101 
00000001 00000000 00000100 00001100 11011110 00101000 11000101 11111111 
11111111 00000000 00000000 00001000 00000001 00000000 00000100 00001000 
11011111 00101000 10110011 00001000 00000001 00000000 00000100 00001100 
11100000 00101000 11000101 11111111 11111111 00000000 00000000 00000101 
00000001 00000000 00000100 00001000 11100001 00101000 10110011 00000101 
00000001 00000000 00000100 00001100 11100010 00101000 11000101 11111111 
11111111 00000000 00000000 00001000 00000001 00000000 00000100 00001000 
11100011 00101000 10110011 00001000 00000001 00000000 00000100 00001100 
11100100 00101000 11000101 11111111 11111111 00000000 00000000 00000101 
00000001 00000000 00000100 00001000 11100101 00101000 10110011 00000101 
00000001 00000000 00000100 00001100 11100110 00101000 11000101 11111111 
11111111 00000000 00000000 00001000 00000001 00000000 00000100 00001000 
11100111 00101000 10110011 00001000 00000001 00000000 00000100 00001100 
11101000 00101000 11000101 11111111 11111111 00000000 00000000 00000101 
00000001 00000000 00000100 00001000 11101001 00101000 10110011 00000101 
00000001 00000000 00000100 00001100 11101010 00101000 11000101 11111111 
11111111 00000000 00000000 00001000 00000001 00000000 00000100 00001000 
11101011 00101000 10110011 00001000 00000001 00000000 00000100 00001100 
11101100 00101000 11000101 11111111 11111111 00000000 00000000 00000101 
00000001 00000000 00000100 00001000 11101101 00101000 10110011 00000101 
00000001 00000000 00000100 00001100 11101110 00101000 11000101 11111111 
11111111 00000000 00000000 00001000 00000001 00000000 00000100 00001000 
11101111 00101000 10110011 00001000 00000001 00000000 00000100 00001100 
11110000 00101000 11000101 11111111 11111111 00000000 00000000 00000101 
00000001 00000000 00000100 00001000 11110001 00101000 10110011 00000101 
00000001 00000000 00000100 00001100 11110010 00101000 11000101 11111111 
11111111 00000000 00000000 00001000 00000001 00000000 00000100 00001000 
11110011 00101000 10110011 00001000 00000001 00000000 00000100 00001100 
11110100 00101000 11000101 11111111 11111111 00000000 00000000 00000101 
00000001 00000000 00000100 00001000 11110101 00101000 10110011 00000101 
00000001 00000000 00000100 00001100 11110110 00101000 11000101 11111111 
11111111 00000000 00000000 00001000 00000001 00000000 00000100 00001000 
11110111 00101000 10110011 00001000 00000001 00000000 00000100 00001100 
11111000 00101000 11000101 11111111 11111111 00000000 00000000 00000101 
00000001 00000000 00000100 00001000 11111001 00101000 10110011 00000101 
00000001 00000000 00000100 00001100 11111010 00101000 11000101 11111111 
11111111 00000000 00000000 00001000 00000001 00000000 00000100 00001000 
11111011 00101000 10110011 00001000 00000001 00000000 00000100 00001100 
11111100 00101000 11000101 11111111 11111111 00000000 00000000 00000101 
00000001 00000000 00000100 00001000 11111101 00101000 10110011 00000101 
00000001 00000000 00000100 00001100 11111110 00101000 11000101 11111111 
11111111 00000000 00000000 00001000 00000001 00000000 00000100 00001000 
11111111 00101000 10110011 00001000 00000001 00000000 00000100 00001100 
00000000 00101001 11000101 11111111 11111111 00000000 00000000 00000101 
00000001 00000000 00000100 00000000 00000000 00000000 00000000 00000000 
00000000 00000000 00000000 00000000 00000000 00000000 00000000 00000000 
00000000 00001000 00000001 00101001 10110011 00000101 00000001 00000000 
00000100 00001100 00000010 00101001 11000101 11111111 11111111 00000000 
00000000 00001000 00000001 00000000 00000100 00001000 00000011 00101001 
10110011 00001000 00000001 00000000 00000100 00001100 00000100 00101001 
11000101 11111111 11111111 00000000 00000000 00000101 00000001 00000000 
00000100 00001000 00000101 00101001 10110011 00000101 00000001 00000000 
00000100 00001100 00000110 00101001 11000101 11111111 11111111 00000000 
00000000 00001000 00000001 00000000 00000100 00001000 00000111 00101001 
10110011 00001000 00000001 00000000 00000100 00001100 00001000 00101001 
11000101 11111111 11111111 00000000 00000000 00000101 00000001 00000000 
00000100 00001000 00001001 00101001 10110011 00000101 00000001 00000000 
00000100 00001100 00001010 00101001 11000101 11111111 11111111 00000000 
00000000 00001000 00000001 00000000 00000100 00001000 00001011 00101001 
10110011 00001000 00000001 00000000 00000100 00001100 00001100 00101001 
11000101 11111111 11111111 00000000 00000000 00000101 00000001 00000000 
00000100 00001000 00001101 00101001 10110011 00000101 00000001 00000000 
00000100 00001100 00001110 00101001 11000101 11111111 11111111 00000000 
00000000 00001000 00000001 00000000 00000100 00001000 00001111 00101001 
10110011 00001000 00000001 00000000 00000100 00001100 00010000 00101001 
11000101 11111111 11111111 00000000 00000000 00000101 00000001 00000000 
00000100 00001000 00010001 00101001 10110011 00000101 00000001 00000000 
00000100 00001100 00010010 00101001 11000101 11111111 11111111 00000000 
00000000 00001000 00000001 00000000 00000100 00001000 00010011 00101001 
10110011 00001000 00000001 00000000 00000100 00001100 00010100 00101001 
11000101 11111111 11111111 00000000 00000000 00000101 00000001 00000000 
00000100 00001000 00010101 00101001 10110011 00000101 00000001 00000000 
00000100 00001100 00010110 00101001 11000101 11111111 11111111 00000000 
00000000 00001000 00000001 00000000 00000100 00001000 00010111 00101001 
10110011 00001000 00000001 00000000 00000100 00001100 00011000 00101001 
11000101 11111111 11111111 00000000 00000000 00000101 00000001 00000000 
00000100 00001000 00011001 00101001 10110011 00000101 00000001 00000000 
00000100 00001100 00011010 00101001 11000101 11111111 11111111 00000000 
00000000 00001000 00000001 00000000 00000100 00001000 00011011 00101001 
10110011 00001000 00000001 00000000 00000100 00001100 00011100 00101001 
11000101 11111111 11111111 00000000 00000000 00000101 00000001 00000000 
00000100 00001000 00011101 00101001 10110011 00000101 00000001 00000000 
00000100 00001100 00011110 00101001 11000101 11111111 01111111 00000000 
10000000 00001110 00000001 00000000 00000100 00001000 00011111 00101001 
00110011 00001111 00000001 00000000 00000100 00001010 00100000 00101001 
10110101 11111111 00001111 00001001 00000001 00000000 00000100 00001000 
00100001 00101001 10110011 00001001 00000001 00000000 00000100 00001100 
00100010 00101001 11000001 11111111 01111111 00000000 00000000 00000110 
00000001 00000000 00000100 00001000 00100011 00101001 10110011 00000110 
00000001 00000000 00000100 00001100 00100100 00101001 11000101 11111111 
11111111 00000000 00000000 00001001 00000001 00000000 00000100 00001000 
00100101 00101001 10110011 00001001 00000001 00000000 00000100 00001100 
00100110 00101001 11000001 11111111 01111111 00000000 00000000 00000110 
00000001 00000000 00000100 00001000 00100111 00101001 10110011 00000110 
00000001 00000000 00000100 00001100 00101000 00101001 11000101 11111111 
11111111 00000000 00000000 00001001 00000001 00000000 00000100 00001000 
00101001 00101001 10110011 00001001 00000001 00000000 00000100 00001100 
00101010 00101001 11000001 11111111 01111111 00000000 00000000 00000110 
00000001 00000000 00000100 00001000 00101011 00101001 10110011 00000110 
00000001 00000000 00000100 00001100 00101100 00101001 11000101 11111111 
11111111 00000000 00000000 00001001 00000001 00000000 00000100 00001000 
00101101 00101001 10110011 00001001 00000001 00000000 00000100 00001100 
00101110 00101001 11000001 11111111 01111111 00000000 00000000 00000110 
00000001 00000000 00000100 00001000 00101111 00101001 10110011 00000110 
00000001 00000000 00000100 00001100 00110000 00101001 11000101 11111111 
11111111 00000000 00000000 00001001 00000001 00000000 00000100 00001000 
00110001 00101001 10110011 00001001 00000001 00000000 00000100 00001100 
00110010 00101001 11000001 11111111 01111111 00000000 00000000 00000110 
00000001 00000000 00000100 00001000 00110011 00101001 10110011 00000110 
00000001 00000000 00000100 00001100 00110100 00101001 11000101 11111111 
11111111 00000000 00000000 00001001 00000001 00000000 00000100 00001000 
00110101 00101001 10110011 00001001 00000001 00000000 00000100 00001100 
00110110 00101001 11000001 11111111 01111111 00000000 00000000 00000110 
00000001 00000000 00000100 00001000 00110111 00101001 10110011 00000110 
00000001 00000000 00000100 00001100 00111000 00101001 11000101 11111111 
11111111 00000000 00000000 00001001 00000001 00000000 00000100 00001000 
00111001 00101001 10110011 00001001 00000001 00000000 00000100 00001100 
00111010 00101001 11000001 11111111 01111111 00000000 00000000 00000110 
00000001 00000000 00000100 00001000 00111011 00101001 10110011 00000110 
00000001 00000000 00000100 00001100 00111100 00101001 11000101 11111111 
11111111 00000000 00000000 00001001 00000001 00000000 00000100 00001000 
00111101 00101001 10110011 00001001 00000001 00000000 00000100 00001100 
00111110 00101001 11000001 11111111 01111111 00000000 00000000 00000110 
00000001 00000000 00000100 00001000 00111111 00101001 10110011 00000110 
00000001 00000000 00000100 00001100 01000000 00101001 11000101 11111111 
11111111 00000000 00000000 00001001 00000001 00000000 00000100 00001000 
01000001 00101001 10110011 00001001 00000001 00000000 00000100 00001100 
01000010 00101001 11000001 11111111 01111111 00000000 00000000 00000110 
00000001 00000000 00000100 00001000 01000011 00101001 10110011 00000110 
00000001 00000000 00000100 00001100 01000100 00101001 11000101 11111111 
11111111 00000000 00000000 00001001 00000001 00000000 00000100 00001000 
01000101 00101001 10110011 00001001 00000001 00000000 00000100 00001100 
01000110 00101001 11000001 11111111 01111111 00000000 00000000 00000110 
00000001 00000000 00000100 00001000 01000111 00101001 10110011 00000110 
00000001 00000000 00000100 00001100 01001000 00101001 11000101 11111111 
11111111 00000000 00000000 00001001 00000001 00000000 00000100 00001000 
01001001 00101001 10110011 00001001 00000001 00000000 00000100 00001100 
01001010 00101001 11000001 11111111 01111111 00000000 00000000 00000110 
00000001 00000000 00000100 00001000 01001011 00101001 10110011 00000110 
00000001 00000000 00000100 00001100 01001100 00101001 11000101 11111111 
11111111 00000000 00000000 00001001 00000001 00000000 00000100 00001000 
01001101 00101001 10110011 00001001 00000001 00000000 00000100 00001100 
01001110 00101001 11000001 11111111 01111111 00000000 00000000 00000110 
00000001 00000000 00000100 00001000 01001111 00101001 10110011 00000110 
00000001 00000000 00000100 00001100 01010000 00101001 11000101 11111111 
11111111 00000000 00000000 00001001 00000001 00000000 00000100 00001000 
01010001 00101001 10110011 00001001 00000001 00000000 00000100 00001100 
01010010 00101001 11000001 11111111 01111111 00000000 00000000 00000110 
00000001 00000000 00000100 00001000 01010011 00101001 10110011 00000110 
00000001 00000000 00000100 00001100 01010100 00101001 11000101 11111111 
11111111 00000000 00000000 00001001 00000001 00000000 00000100 00001000 
01010101 00101001 10110011 00001001 00000001 00000000 00000100 00001100 
01010110 00101001 11000001 11111111 01111111 00000000 00000000 00000110 
00000001 00000000 00000100 00001000 01010111 00101001 10110011 00000110 
00000001 00000000 00000100 00001100 01011000 00101001 11000101 11111111 
11111111 00000000 00000000 00001001 00000001 00000000 00000100 00001000 
01011001 00101001 10110011 00001001 00000001 00000000 00000100 00001100 
01011010 00101001 11000001 11111111 01111111 00000000 00000000 00000110 
00000001 00000000 00000100 00001000 01011011 00101001 10110011 00000110 
00000001 00000000 00000100 00001100 01011100 00101001 11000101 11111111 
11111111 00000000 00000000 00001001 00000001 00000000 00000100 00001000 
01011101 00101001 10110011 00001001 00000001 00000000 00000100 00001100 
01011110 00101001 11000001 11111111 01111111 00000000 00000000 00000110 
00000001 00000000 00000100 00001000 01011111 00101001 10110011 00000110 
00000001 00000000 00000100 00001100 01100000 00101001 11000101 11111111 
11111111 00000000 00000000 00001001 00000001 00000000 00000100 00001000 
01100001 00101001 10110011 00001001 00000001 00000000 00000100 00001100 
01100010 00101001 11000001 11111111 01111111 00000000 00000000 00000110 
00000001 00000000 00000100 00001000 01100011 00101001 10110011 00000110 
00000001 00000000 00000100 00001100 01100100 00101001 11000101 11111111 
11111111 00000000 00000000 00001001 00000001 00000000 00000100 00001000 
01100101 00101001 10110011 00001001 00000001 00000000 00000100 00001100 
01100110 00101001 11000001 11111111 01111111 00000000 00000000 00000110 
00000001 00000000 00000100 00001000 01100111 00101001 10110011 00000110 
00000001 00000000 00000100 00001100 01101000 00101001 11000101 11111111 
11111111 00000000 00000000 00001001 00000001 00000000 00000100 00001000 
01101001 00101001 10110011 00001001 00000001 00000000 00000100 00001100 
01101010 00101001 11000001 11111111 01111111 00000000 00000000 00000110 
00000001 00000000 00000100 00001000 01101011 00101001 10110011 00000110 
00000001 00000000 00000100 00001100 01101100 00101001 11000101 11111111 
11111111 00000000 00000000 00001001 00000001 00000000 00000100 00001000 
01101101 00101001 10110011 00001001 00000001 00000000 00000100 00001100 
01101110 00101001 11000001 11111111 01111111 00000000 00000000 00000110 
00000001 00000000 00000100 00001000 01101111 00101001 10110011 00000110 
00000001 00000000 00000100 00001100 01110000 00101001 11000101 11111111 
11111111 00000000 00000000 00001001 00000001 00000000 00000100 00001000 
01110001 00101001 10110011 00001001 00000001 00000000 00000100 00001100 
01110010 00101001 11000001 11111111 01111111 00000000 00000000 00000110 
00000001 00000000 00000100 00001000 01110011 00101001 10110011 00000110 
00000001 00000000 00000100 00001100 01110100 00101001 11000101 11111111 
11111111 00000000 00000000 00001001 00000001 00000000 00000100 00001000 
01110101 00101001 10110011 00001001 00000001 00000000 00000100 00001100 
01110110 00101001 11000001 11111111 01111111 00000000 00000000 00000110 
00000001 00000000 00000100 00001000 01110111 00101001 10110011 00000110 
00000001 00000000 00000100 00001100 01111000 00101001 11000101 11111111 
11111111 00000000 00000000 00001001 00000001 00000000 00000100 00001000 
01111001 00101001 10110011 00001001 00000001 00000000 00000100 00001100 
01111010 00101001 11000001 11111111 01111111 00000000 00000000 00000110 
00000001 00000000 00000100 00001000 01111011 00101001 10110011 00000110 
00000001 00000000 00000100 00001100 01111100 00101001 11000101 11111111 
11111111 00000000 00000000 00001001 00000001 00000000 00000100 00001000 
01111101 00101001 10110011 00001001 00000001 00000000 00000100 00001100 
01111110 00101001 11000001 11111111 01111111 00000000 00000000 00000110 
00000001 00000000 00000100 00001000 01111111 00101001 10110011 00000110 
00000001 00000000 00000100 00001100 10000000 00101001 11000101 11111111 
11111111 00000000 00000000 00001001 00000001 00000000 00000100 00000000 
00000000 00000000 00000000 00000000 00000000 00000000 00000000 00000000 
00000000 00000000 00000000 00000000 00000000 00001000 10000001 00101001 
10110011 00001001 00000001 00000000 00000100 00001100 10000010 00101001 
11000001 11111111 01111111 00000000 00000000 00000110 00000001 00000000 
00000100 00001000 10000011 00101001 10110011 00000110 00000001 00000000 
00000100 00001100 10000100 00101001 11000101 11111111 11111111 00000000 
00000000 00001001 00000001 00000000 00000100 00001000 10000101 00101001 
10110011 00001001 00000001 00000000 00000100 00001100 10000110 00101001 
11000001 11111111 01111111 00000000 00000000 00000110 00000001 00000000 
00000100 00001000 10000111 00101001 10110011 00000110 00000001 00000000 
00000100 00001100 10001000 00101001 11000101 11111111 11111111 00000000 
00000000 00001001 00000001 00000000 00000100 00001000 10001001 00101001 
10110011 00001001 00000001 00000000 00000100 00001100 10001010 00101001 
11000001 11111111 01111111 00000000 00000000 00000110 00000001 00000000 
00000100 00001000 10001011 00101001 10110011 00000110 00000001 00000000 
00000100 00001100 10001100 00101001 11000101 11111111 11111111 00000000 
00000000 00001001 00000001 00000000 00000100 00001000 10001101 00101001 
10110011 00001001 00000001 00000000 00000100 00001100 10001110 00101001 
11000001 11111111 01111111 00000000 00000000 00000110 00000001 00000000 
00000100 00001000 10001111 00101001 10110011 00000110 00000001 00000000 
00000100 00001100 10010000 00101001 11000101 11111111 11111111 00000000 
00000000 00001001 00000001 00000000 00000100 00001000 10010001 00101001 
10110011 00001001 00000001 00000000 00000100 00001100 10010010 00101001 
11000001 11111111 01111111 00000000 00000000 00000110 00000001 00000000 
00000100 00001000 10010011 00101001 10110011 00000110 00000001 00000000 
00000100 00001100 10010100 00101001 11000101 11111111 11111111 00000000 
00000000 00001001 00000001 00000000 00000100 00001000 10010101 00101001 
10110011 00001001 00000001 00000000 00000100 00001100 10010110 00101001 
11000001 11111111 01111111 00000000 00000000 00000110 00000001 00000000 
00000100 00001000 10010111 00101001 10110011 00000110 00000001 00000000 
00000100 00001100 10011000 00101001 11000101 11111111 11111111 00000000 
00000000 00001001 00000001 00000000 00000100 00001000 10011001 00101001 
10110011 00001001 00000001 00000000 00000100 00001100 10011010 00101001 
11000001 11111111 01111111 00000000 00000000 00000110 00000001 00000000 
00000100 00001000 10011011 00101001 10110011 00000110 00000001 00000000 
00000100 00001100 10011100 00101001 11000101 11111111 11111111 00000000 
00000000 00001001 00000001 00000000 00000100 00001000 10011101 00101001 
10110011 00001001 00000001 00000000 00000100 00001100 10011110 00101001 
11000001 11111111 01111111 00000000 00000000 00000110 00000001 00000000 
00000100 00001000 10011111 00101001 10110011 00000110 00000001 00000000 
00000100 00001100 10100000 00101001 11000101 11111111 11111111 00000000 
00000000 00001001 00000001 00000000 00000100 00001000 10100001 00101001 
10110011 00001001 00000001 00000000 00000100 00001100 10100010 00101001 
11000001 11111111 01111111 00000000 00000000 00000110 00000001 00000000 
00000100 00001000 10100011 00101001 10110011 00000110 00000001 00000000 
00000100 00001100 10100100 00101001 11000101 11111111 11111111 00000000 
00000000 00001001 00000001 00000000 00000100 00001000 10100101 00101001 
10110011 00001001 00000001 00000000 00000100 00001100 10100110 00101001 
11000001 11111111 01111111 00000000 00000000 00000110 00000001 00000000 
00000100 00001000 10100111 00101001 10110011 00000110 00000001 00000000 
00000100 00001100 10101000 00101001 11000101 11111111 11111111 00000000 
00000000 00001001 00000001 00000000 00000100 00001000 10101001 00101001 
10110011 00001001 00000001 00000000 00000100 00001100 10101010 00101001 
11000001 11111111 01111111 00000000 00000000 00000110 00000001 00000000 
00000100 00001000 10101011 00101001 10110011 00000110 00000001 00000000 
00000100 00001100 10101100 00101001 11000101 11111111 11111111 00000000 
00000000 00001001 00000001 00000000 00000100 00001000 10101101 00101001 
10110011 00001001 00000001 00000000 00000100 00001100 10101110 00101001 
11000001 11111111 01111111 00000000 00000000 00000110 00000001 00000000 
00000100 00001000 10101111 00101001 10110011 00000110 00000001 00000000 
00000100 00001100 10110000 00101001 11000101 11111111 11111111 00000000 
00000000 00001001 00000001 00000000 00000100 00001000 10110001 00101001 
10110011 00001001 00000001 00000000 00000100 00001100 10110010 00101001 
11000001 11111111 01111111 00000000 00000000 00000110 00000001 00000000 
00000100 00001000 10110011 00101001 10110011 00000110 00000001 00000000 
00000100 00001100 10110100 00101001 11000101 11111111 11111111 00000000 
00000000 00001001 00000001 00000000 00000100 00001000 10110101 00101001 
10110011 00001001 00000001 00000000 00000100 00001100 10110110 00101001 
11000001 11111111 01111111 00000000 00000000 00000110 00000001 00000000 
00000100 00001000 10110111 00101001 10110011 00000110 00000001 00000000 
00000100 00001100 10111000 00101001 11000101 11111111 11111111 00000000 
00000000 00001001 00000001 00000000 00000100 00001000 10111001 00101001 
10110011 00001001 00000001 00000000 00000100 00001100 10111010 00101001 
11000001 11111111 01111111 00000000 00000000 00000110 00000001 00000000 
00000100 00001000 10111011 00101001 10110011 00000110 00000001 00000000 
00000100 00001100 10111100 00101001 11000101 11111111 11111111 00000000 
00000000 00001001 00000001 00000000 00000100 00001000 10111101 00101001 
10110011 00001001 00000001 00000000 00000100 00001100 10111110 00101001 
11000001 11111111 01111111 00000000 00000000 00000110 00000001 00000000 
00000100 00001000 10111111 00101001 10110011 00000110 00000001 00000000 
00000100 00001100 11000000 00101001 11000101 11111111 11111111 00000000 
00000000 00001001 00000001 00000000 00000100 00001000 11000001 00101001 
10110011 00001001 00000001 00000000 00000100 00001100 11000010 00101001 
11000001 11111111 01111111 00000000 00000000 00000110 00000001 00000000 
00000100 00001000 11000011 00101001 10110011 00000110 00000001 00000000 
00000100 00001100 11000100 00101001 11000101 11111111 11111111 00000000 
00000000 00001001 00000001 00000000 00000100 00001000 11000101 00101001 
10110011 00001001 00000001 00000000 00000100 00001100 11000110 00101001 
11000001 11111111 01111111 00000000 00000000 00000110 00000001 00000000 
00000100 00001000 11000111 00101001 10110011 00000110 00000001 00000000 
00000100 00001100 11001000 00101001 11000101 11111111 11111111 00000000 
00000000 00001001 00000001 00000000 00000100 00001000 11001001 00101001 
10110011 00001001 00000001 00000000 00000100 00001100 11001010 00101001 
11000001 11111111 01111111 00000000 00000000 00000110 00000001 00000000 
00000100 00001000 11001011 00101001 10110011 00000110 00000001 00000000 
00000100 00001100 11001100 00101001 11000101 11111111 11111111 00000000 
00000000 00001001 00000001 00000000 00000100 00001000 11001101 00101001 
10110011 00001001 00000001 00000000 00000100 00001100 11001110 00101001 
11000001 11111111 01111111 00000000 00000000 00000110 00000001 00000000 
00000100 00001000 11001111 00101001 10110011 00000110 00000001 00000000 
00000100 00001100 11010000 00101001 11000101 11111111 11111111 00000000 
00000000 00001001 00000001 00000000 00000100 00001000 11010001 00101001 
10110011 00001001 00000001 00000000 00000100 00001100 11010010 00101001 
11000001 11111111 01111111 00000000 00000000 00000110 00000001 00000000 
00000100 00001000 11010011 00101001 10110011 00000110 00000001 00000000 
00000100 00001100 11010100 00101001 11000101 11111111 11111111 00000000 
00000000 00001001 00000001 00000000 00000100 00001000 11010101 00101001 
10110011 00001001 00000001 00000000 00000100 00001100 11010110 00101001 
11000001 11111111 01111111 00000000 00000000 00000110 00000001 00000000 
00000100 00001000 11010111 00101001 10110011 00000110 00000001 00000000 
00000100 00001100 11011000 00101001 11000101 11111111 11111111 00000000 
00000000 00001001 00000001 00000000 00000100 00001000 11011001 00101001 
10110011 00001001 00000001 00000000 00000100 00001100 11011010 00101001 
11000001 11111111 01111111 00000000 00000000 00000110 00000001 00000000 
00000100 00001000 11011011 00101001 10110011 00000110 00000001 00000000 
00000100 00001100 11011100 00101001 11000101 11111111 11111111 00000000 
00000000 00001001 00000001 00000000 00000100 00001000 11011101 00101001 
10110011 00001001 00000001 00000000 00000100 00001100 11011110 00101001 
11000001 11111111 01111111 00000000 00000000 00000110 00000001 00000000 
00000100 00001000 11011111 00101001 10110011 00000110 00000001 00000000 
00000100 00001100 11100000 00101001 11000101 11111111 11111111 00000000 
00000000 00001001 00000001 00000000 00000100 00001000 11100001 00101001 
10110011 00001001 00000001 00000000 00000100 00001100 11100010 00101001 
11000001 11111111 01111111 00000000 00000000 00000110 00000001 00000000 
00000100 00001000 11100011 00101001 10110011 00000110 00000001 00000000 
00000100 00001100 11100100 00101001 11000101 11111111 11111111 00000000 
00000000 00001001 00000001 00000000 00000100 00001000 11100101 00101001 
10110011 00001001 00000001 00000000 00000100 00001010 11100110 00101001 
00110101 11111111 00001111 00001010 00000001 00000000 00000100 00001000 
11100111 00101001 10110011 00000100 00000001 00000000 00000100 00001100 
11101000 00101001 11000101 11111111 11111111 00000000 00000000 00000111 
00000001 00000000 00000100 00001000 11101001 00101001 10110011 00000111 
00000001 00000000 00000100 00001100 11101010 00101001 11000101 11111111 
11111111 00000000 00000000 00001010 00000001 00000000 00000100 00001000 
11101011 00101001 10110011 00000100 00000001 00000000 00000100 00001100 
11101100 00101001 11000101 11111111 11111111 00000000 00000000 00000111 
00000001 00000000 00000100 00001000 11101101 00101001 10110011 00000111 
00000001 00000000 00000100 00001100 11101110 00101001 11000101 11111111 
11111111 00000000 00000000 00001010 00000001 00000000 00000100 00001000 
11101111 00101001 10110011 00000100 00000001 00000000 00000100 00001100 
11110000 00101001 11000101 11111111 11111111 00000000 00000000 00000111 
00000001 00000000 00000100 00001000 11110001 00101001 10110011 00000111 
00000001 00000000 00000100 00001100 11110010 00101001 11000101 11111111 
11111111 00000000 00000000 00001010 00000001 00000000 00000100 00001000 
11110011 00101001 10110011 00000100 00000001 00000000 00000100 00001100 
11110100 00101001 11000101 11111111 11111111 00000000 00000000 00000111 
00000001 00000000 00000100 00001000 11110101 00101001 10110011 00000111 
00000001 00000000 00000100 00001100 11110110 00101001 11000101 11111111 
11111111 00000000 00000000 00001010 00000001 00000000 00000100 00001000 
11110111 00101001 10110011 00000100 00000001 00000000 00000100 00001100 
11111000 00101001 11000101 11111111 11111111 00000000 00000000 00000111 
00000001 00000000 00000100 00001000 11111001 00101001 10110011 00000111 
00000001 00000000 00000100 00001100 11111010 00101001 11000101 11111111 
11111111 00000000 00000000 00001010 00000001 00000000 00000100 00001000 
11111011 00101001 10110011 00000100 00000001 00000000 00000100 00001100 
11111100 00101001 11000101 11111111 11111111 00000000 00000000 00000111 
00000001 00000000 00000100 00001000 11111101 00101001 10110011 00000111 
00000001 00000000 00000100 00001100 11111110 00101001 11000101 11111111 
11111111 00000000 00000000 00001010 00000001 00000000 00000100 00001000 
11111111 00101001 10110011 00000100 00000001 00000000 00000100 00001100 
00000000 00101010 11000101 11111111 11111111 00000000 00000000 00000111 
00000001 00000000 00000100 00001000 00000001 00101010 10110011 00000111 
00000001 00000000 00000100 00000000 00000000 00000000 00000000 00000000 
00000000 00000000 00000000 00000000 00000000 00000000 00000000 00000000 
00000000 00001100 00000010 00101010 11000101 11111111 11111111 00000000 
00000000 00001010 00000001 00000000 00000100 00001000 00000011 00101010 
10110011 00000100 00000001 00000000 00000100 00001100 00000100 00101010 
11000101 11111111 11111111 00000000 00000000 00000111 00000001 00000000 
00000100 00001000 00000101 00101010 10110011 00000111 00000001 00000000 
00000100 00001100 00000110 00101010 11000101 11111111 11111111 00000000 
00000000 00001010 00000001 00000000 00000100 00001000 00000111 00101010 
10110011 00000100 00000001 00000000 00000100 00001100 00001000 00101010 
11000101 11111111 11111111 00000000 00000000 00000111 00000001 00000000 
00000100 00001000 00001001 00101010 10110011 00000111 00000001 00000000 
00000100 00001100 00001010 00101010 11000101 11111111 11111111 00000000 
00000000 00001010 00000001 00000000 00000100 00001000 00001011 00101010 
10110011 00000100 00000001 00000000 00000100 00001100 00001100 00101010 
11000101 11111111 11111111 00000000 00000000 00000111 00000001 00000000 
00000100 00001000 00001101 00101010 10110011 00000111 00000001 00000000 
00000100 00001100 00001110 00101010 11000101 11111111 11111111 00000000 
00000000 00001010 00000001 00000000 00000100 00001000 00001111 00101010 
10110011 00000100 00000001 00000000 00000100 00001100 00010000 00101010 
11000101 11111111 11111111 00000000 00000000 00000111 00000001 00000000 
00000100 00001000 00010001 00101010 10110011 00000111 00000001 00000000 
00000100 00001100 00010010 00101010 11000101 11111111 11111111 00000000 
00000000 00001010 00000001 00000000 00000100 00001000 00010011 00101010 
10110011 00000100 00000001 00000000 00000100 00001100 00010100 00101010 
11000101 11111111 11111111 00000000 00000000 00000111 00000001 00000000 
00000100 00001000 00010101 00101010 10110011 00000111 00000001 00000000 
00000100 00001100 00010110 00101010 11000101 11111111 11111111 00000000 
00000000 00001010 00000001 00000000 00000100 00001000 00010111 00101010 
10110011 00000100 00000001 00000000 00000100 00001100 00011000 00101010 
11000101 11111111 11111111 00000000 00000000 00000111 00000001 00000000 
00000100 00001000 00011001 00101010 10110011 00000111 00000001 00000000 
00000100 00001100 00011010 00101010 11000101 11111111 11111111 00000000 
00000000 00001010 00000001 00000000 00000100 00001000 00011011 00101010 
10110011 00000100 00000001 00000000 00000100 00001100 00011100 00101010 
11000101 11111111 11111111 00000000 00000000 00000111 00000001 00000000 
00000100 00001000 00011101 00101010 10110011 00000111 00000001 00000000 
00000100 00001100 00011110 00101010 11000101 11111111 11111111 00000000 
00000000 00001010 00000001 00000000 00000100 00001000 00011111 00101010 
10110011 00000100 00000001 00000000 00000100 00001100 00100000 00101010 
11000101 11111111 11111111 00000000 00000000 00000111 00000001 00000000 
00000100 00001000 00100001 00101010 10110011 00000111 00000001 00000000 
00000100 00001100 00100010 00101010 11000101 11111111 11111111 00000000 
00000000 00001010 00000001 00000000 00000100 00001000 00100011 00101010 
10110011 00000100 00000001 00000000 00000100 00001100 00100100 00101010 
11000101 11111111 11111111 00000000 00000000 00000111 00000001 00000000 
00000100 00001000 00100101 00101010 10110011 00000111 00000001 00000000 
00000100 00001100 00100110 00101010 11000101 11111111 11111111 00000000 
00000000 00001010 00000001 00000000 00000100 00001000 00100111 00101010 
10110011 00000100 00000001 00000000 00000100 00001100 00101000 00101010 
11000101 11111111 11111111 00000000 00000000 00000111 00000001 00000000 
00000100 00001000 00101001 00101010 10110011 00000111 00000001 00000000 
00000100 00001100 00101010 00101010 11000101 11111111 11111111 00000000 
00000000 00001010 00000001 00000000 00000100 00001000 00101011 00101010 
10110011 00000100 00000001 00000000 00000100 00001100 00101100 00101010 
11000101 11111111 11111111 00000000 00000000 00000111 00000001 00000000 
00000100 00001000 00101101 00101010 10110011 00000111 00000001 00000000 
00000100 00001100 00101110 00101010 11000101 11111111 11111111 00000000 
00000000 00001010 00000001 00000000 00000100 00001000 00101111 00101010 
10110011 00000100 00000001 00000000 00000100 00001100 00110000 00101010 
11000101 11111111 11111111 00000000 00000000 00000111 00000001 00000000 
00000100 00001000 00110001 00101010 10110011 00000111 00000001 00000000 
00000100 00001100 00110010 00101010 11000101 11111111 11111111 00000000 
00000000 00001010 00000001 00000000 00000100 00001000 00110011 00101010 
10110011 00000100 00000001 00000000 00000100 00001100 00110100 00101010 
11000101 11111111 11111111 00000000 00000000 00000111 00000001 00000000 
00000100 00001000 00110101 00101010 10110011 00000111 00000001 00000000 
00000100 00001100 00110110 00101010 11000101 11111111 11111111 00000000 
00000000 00001010 00000001 00000000 00000100 00001000 00110111 00101010 
10110011 00000100 00000001 00000000 00000100 00001100 00111000 00101010 
11000101 11111111 11111111 00000000 00000000 00000111 00000001 00000000 
00000100 00001000 00111001 00101010 10110011 00000111 00000001 00000000 
00000100 00001100 00111010 00101010 11000101 11111111 11111111 00000000 
00000000 00001010 00000001 00000000 00000100 00001000 00111011 00101010 
10110011 00000100 00000001 00000000 00000100 00001100 00111100 00101010 
11000101 11111111 11111111 00000000 00000000 00000111 00000001 00000000 
00000100 00001000 00111101 00101010 10110011 00000111 00000001 00000000 
00000100 00001100 00111110 00101010 11000101 11111111 11111111 00000000 
00000000 00001010 00000001 00000000 00000100 00001000 00111111 00101010 
10110011 00000100 00000001 00000000 00000100 00001100 01000000 00101010 
11000101 11111111 11111111 00000000 00000000 00000111 00000001 00000000 
00000100 00001000 01000001 00101010 10110011 00000111 00000001 00000000 
00000100 00001100 01000010 00101010 11000101 11111111 11111111 00000000 
00000000 00001010 00000001 00000000 00000100 00001000 01000011 00101010 
10110011 00000100 00000001 00000000 00000100 00001100 01000100 00101010 
11000101 11111111 11111111 00000000 00000000 00000111 00000001 00000000 
00000100 00001000 01000101 00101010 10110011 00000111 00000001 00000000 
00000100 00001100 01000110 00101010 11000101 11111111 11111111 00000000 
00000000 00001010 00000001 00000000 00000100 00001000 01000111 00101010 
10110011 00000100 00000001 00000000 00000100 00001100 01001000 00101010 
11000101 11111111 11111111 00000000 00000000 00000111 00000001 00000000 
00000100 00001000 01001001 00101010 10110011 00000111 00000001 00000000 
00000100 00001100 01001010 00101010 11000101 11111111 11111111 00000000 
00000000 00001010 00000001 00000000 00000100 00001000 01001011 00101010 
10110011 00000100 00000001 00000000 00000100 00001100 01001100 00101010 
11000101 11111111 11111111 00000000 00000000 00000111 00000001 00000000 
00000100 00001000 01001101 00101010 10110011 00000111 00000001 00000000 
00000100 00001100 01001110 00101010 11000101 11111111 11111111 00000000 
00000000 00001010 00000001 00000000 00000100 00001000 01001111 00101010 
10110011 00000100 00000001 00000000 00000100 00001100 01010000 00101010 
11000101 11111111 11111111 00000000 00000000 00000111 00000001 00000000 
00000100 00001000 01010001 00101010 10110011 00000111 00000001 00000000 
00000100 00001100 01010010 00101010 11000101 11111111 11111111 00000000 
00000000 00001010 00000001 00000000 00000100 00001000 01010011 00101010 
10110011 00000100 00000001 00000000 00000100 00001100 01010100 00101010 
11000101 11111111 11111111 00000000 00000000 00000111 00000001 00000000 
00000100 00001000 01010101 00101010 10110011 00000111 00000001 00000000 
00000100 00001100 01010110 00101010 11000101 11111111 11111111 00000000 
00000000 00001010 00000001 00000000 00000100 00001000 01010111 00101010 
10110011 00000100 00000001 00000000 00000100 00001100 01011000 00101010 
11000101 11111111 11111111 00000000 00000000 00000111 00000001 00000000 
00000100 00001000 01011001 00101010 10110011 00000111 00000001 00000000 
00000100 00001100 01011010 00101010 11000101 11111111 11111111 00000000 
00000000 00001010 00000001 00000000 00000100 00001000 01011011 00101010 
10110011 00000100 00000001 00000000 00000100 00001100 01011100 00101010 
11000101 11111111 11111111 00000000 00000000 00000111 00000001 00000000 
00000100 00001000 01011101 00101010 10110011 00000111 00000001 00000000 
00000100 00001100 01011110 00101010 11000101 11111111 11111111 00000000 
00000000 00001010 00000001 00000000 00000100 00001000 01011111 00101010 
10110011 00000100 00000001 00000000 00000100 00001100 01100000 00101010 
11000101 11111111 11111111 00000000 00000000 00000111 00000001 00000000 
00000100 00001000 01100001 00101010 10110011 00000111 00000001 00000000 
00000100 00001100 01100010 00101010 11000101 11111111 11111111 00000000 
00000000 00001010 00000001 00000000 00000100 00001000 01100011 00101010 
10110011 00000100 00000001 00000000 00000100 00001100 01100100 00101010 
11000101 11111111 11111111 00000000 00000000 00000111 00000001 00000000 
00000100 00001000 01100101 00101010 10110011 00000111 00000001 00000000 
00000100 00001100 01100110 00101010 11000101 11111111 11111111 00000000 
00000000 00001010 00000001 00000000 00000100 00001000 01100111 00101010 
10110011 00000100 00000001 00000000 00000100 00001100 01101000 00101010 
11000101 11111111 11111111 00000000 00000000 00000111 00000001 00000000 
00000100 00001000 01101001 00101010 10110011 00000111 00000001 00000000 
00000100 00001100 01101010 00101010 11000101 11111111 11111111 00000000 
00000000 00001010 00000001 00000000 00000100 00001000 01101011 00101010 
10110011 00000100 00000001 00000000 00000100 00001100 01101100 00101010 
11000101 11111111 11111111 00000000 00000000 00000111 00000001 00000000 
00000100 00001000 01101101 00101010 10110011 00000111 00000001 00000000 
00000100 00001100 01101110 00101010 11000101 11111111 11111111 00000000 
00000000 00001010 00000001 00000000 00000100 00001000 01101111 00101010 
10110011 00000100 00000001 00000000 00000100 00001100 01110000 00101010 
11000101 11111111 11111111 00000000 00000000 00000111 00000001 00000000 
00000100 00001000 01110001 00101010 10110011 00000111 00000001 00000000 
00000100 00001100 01110010 00101010 11000101 11111111 11111111 00000000 
00000000 00001010 00000001 00000000 00000100 00001000 01110011 00101010 
10110011 00000100 00000001 00000000 00000100 00001100 01110100 00101010 
11000101 11111111 11111111 00000000 00000000 00000111 00000001 00000000 
00000100 00001000 01110101 00101010 10110011 00000111 00000001 00000000 
00000100 00001100 01110110 00101010 11000101 11111111 11111111 00000000 
00000000 00001010 00000001 00000000 00000100 00001000 01110111 00101010 
10110011 00000100 00000001 00000000 00000100 00001100 01111000 00101010 
11000101 11111111 11111111 00000000 00000000 00000111 00000001 00000000 
00000100 00001000 01111001 00101010 10110011 00000111 00000001 00000000 
00000100 00001100 01111010 00101010 11000101 11111111 11111111 00000000 
00000000 00001010 00000001 00000000 00000100 00001000 01111011 00101010 
10110011 00000100 00000001 00000000 00000100 00001100 01111100 00101010 
11000101 11111111 11111111 00000000 00000000 00000111 00000001 00000000 
00000100 00001000 01111101 00101010 10110011 00000111 00000001 00000000 
00000100 00001100 01111110 00101010 11000101 11111111 11111111 00000000 
00000000 00001010 00000001 00000000 00000100 00001000 01111111 00101010 
10110011 00000100 00000001 00000000 00000100 00001100 10000000 00101010 
11000101 11111111 11111111 00000000 00000000 00000111 00000001 00000000 
00000100 00001000 10000001 00101010 10110011 00000111 00000001 00000000 
00000100 00000000 00000000 00000000 00000000 00000000 00000000 00000000 
00000000 00000000 00000000 00000000 00000000 00000000 00000000 00001100 
10000010 00101010 11000101 11111111 11111111 00000000 00000000 00001010 
00000001 00000000 00000100 00001000 10000011 00101010 10110011 00000100 
00000001 00000000 00000100 00001100 10000100 00101010 11000101 11111111 
11111111 00000000 00000000 00000111 00000001 00000000 00000100 00001000 
10000101 00101010 10110011 00000111 00000001 00000000 00000100 00001100 
10000110 00101010 11000101 11111111 11111111 00000000 00000000 00001010 
00000001 00000000 00000100 00001000 10000111 00101010 10110011 00000100 
00000001 00000000 00000100 00001100 10001000 00101010 11000101 11111111 
11111111 00000000 00000000 00000111 00000001 00000000 00000100 00001000 
10001001 00101010 10110011 00000111 00000001 00000000 00000100 00001100 
10001010 00101010 11000101 11111111 11111111 00000000 00000000 00001010 
00000001 00000000 00000100 00001000 10001011 00101010 10110011 00000100 
00000001 00000000 00000100 00001100 10001100 00101010 11000101 11111111 
11111111 00000000 00000000 00000111 00000001 00000000 00000100 00001000 
10001101 00101010 10110011 00000111 00000001 00000000 00000100 00001100 
10001110 00101010 11000101 11111111 11111111 00000000 00000000 00001010 
00000001 00000000 00000100 00001000 10001111 00101010 10110011 00000100 
00000001 00000000 00000100 00001100 10010000 00101010 11000101 11111111 
11111111 00000000 00000000 00000111 00000001 00000000 00000100 00001000 
10010001 00101010 10110011 00000111 00000001 00000000 00000100 00001100 
10010010 00101010 11000101 11111111 11111111 00000000 00000000 00001010 
00000001 00000000 00000100 00001000 10010011 00101010 10110011 00000100 
00000001 00000000 00000100 00001100 10010100 00101010 11000101 11111111 
11111111 00000000 00000000 00000111 00000001 00000000 00000100 00001000 
10010101 00101010 10110011 00000111 00000001 00000000 00000100 00001100 
10010110 00101010 11000101 11111111 11111111 00000000 00000000 00001010 
00000001 00000000 00000100 00001000 10010111 00101010 10110011 00000100 
00000001 00000000 00000100 00001100 10011000 00101010 11000101 11111111 
11111111 00000000 00000000 00000111 00000001 00000000 00000100 00001000 
10011001 00101010 10110011 00000111 00000001 00000000 00000100 00001100 
10011010 00101010 11000101 11111111 11111111 00000000 00000000 00001010 
00000001 00000000 00000100 00001000 10011011 00101010 10110011 00000100 
00000001 00000000 00000100 00001100 10011100 00101010 11000101 11111111 
11111111 00000000 00000000 00000111 00000001 00000000 00000100 00001000 
10011101 00101010 10110011 00000111 00000001 00000000 00000100 00001100 
10011110 00101010 11000101 11111111 11111111 00000000 00000000 00001010 
00000001 00000000 00000100 00001000 10011111 00101010 10110011 00000100 
00000001 00000000 00000100 00001100 10100000 00101010 11000101 11111111 
11111111 00000000 00000000 00000111 00000001 00000000 00000100 00001000 
10100001 00101010 10110011 00000111 00000001 00000000 00000100 00001100 
10100010 00101010 11000101 11111111 11111111 00000000 00000000 00001010 
00000001 00000000 00000100 00001000 10100011 00101010 10110011 00000100 
00000001 00000000 00000100 00001100 10100100 00101010 11000101 11111111 
11111111 00000000 00000000 00000111 00000001 00000000 00000100 00001000 
10100101 00101010 10110011 00000111 00000001 00000000 00000100 00001100 
10100110 00101010 11000101 11111111 11111111 00000000 00000000 00001010 
00000001 00000000 00000100 00001000 10100111 00101010 10110011 00000100 
00000001 00000000 00000100 00001100 10101000 00101010 11000101 11111111 
11111111 00000000 00000000 00000111 00000001 00000000 00000100 00001000 
10101001 00101010 10110011 00000111 00000001 00000000 00000100 00001100 
10101010 00101010 11000001 11111111 00111111 00000000 00000000 01100011 
00000000 00000000 00000100 00001000 10101011 00101010 10110011 01100011 
00000000 00000000 00000100 00001010 10101100 00101010 10111001 11111111 
00011111 00000101 00000001 00000000 00000100 00001000 10101101 00101010 
10110011 00000101 00000001 00000000 00000100 00001100 10101110 00101010 
11000101 11111111 11111111 00000000 00000000 00001000 00000001 00000000 
00000100 00001000 10101111 00101010 10110011 00001000 00000001 00000000 
00000100 00001100 10110000 00101010 11000101 11111111 11111111 00000000 
00000000 00000101 00000001 00000000 00000100 00001000 10110001 00101010 
10110011 00000101 00000001 00000000 00000100 00001100 10110010 00101010 
11000101 11111111 11111111 00000000 00000000 00001000 00000001 00000000 
00000100 00001000 10110011 00101010 10110011 00001000 00000001 00000000 
00000100 00001100 10110100 00101010 11000101 11111111 11111111 00000000 
00000000 00000101 00000001 00000000 00000100 00001000 10110101 00101010 
10110011 00000101 00000001 00000000 00000100 00001100 10110110 00101010 
11000101 11111111 11111111 00000000 00000000 00001000 00000001 00000000 
00000100 00001000 10110111 00101010 10110011 00001000 00000001 00000000 
00000100 00001100 10111000 00101010 11000101 11111111 11111111 00000000 
00000000 00000101 00000001 00000000 00000100 00001000 10111001 00101010 
10110011 00000101 00000001 00000000 00000100 00001100 10111010 00101010 
11000101 11111111 11111111 00000000 00000000 00001000 00000001 00000000 
00000100 00001000 10111011 00101010 10110011 00001000 00000001 00000000 
00000100 00001100 10111100 00101010 11000101 11111111 11111111 00000000 
00000000 00000101 00000001 00000000 00000100 00001000 10111101 00101010 
10110011 00000101 00000001 00000000 00000100 00001100 10111110 00101010 
11000101 11111111 11111111 00000000 00000000 00001000 00000001 00000000 
00000100 00001000 10111111 00101010 10110011 00001000 00000001 00000000 
00000100 00001100 11000000 00101010 11000101 11111111 11111111 00000000 
00000000 00000101 00000001 00000000 00000100 00001000 11000001 00101010 
10110011 00000101 00000001 00000000 00000100 00001100 11000010 00101010 
11000101 11111111 11111111 00000000 00000000 00001000 00000001 00000000 
00000100 00001000 11000011 00101010 10110011 00001000 00000001 00000000 
00000100 00001100 11000100 00101010 11000101 11111111 11111111 00000000 
00000000 00000101 00000001 00000000 00000100 00001000 11000101 00101010 
10110011 00000101 00000001 00000000 00000100 00001100 11000110 00101010 
11000101 11111111 11111111 00000000 00000000 00001000 00000001 00000000 
00000100 00001000 11000111 00101010 10110011 00001000 00000001 00000000 
00000100 00001100 11001000 00101010 11000101 11111111 11111111 00000000 
00000000 00000101 00000001 00000000 00000100 00001000 11001001 00101010 
10110011 00000101 00000001 00000000 00000100 00001100 11001010 00101010 
11000101 11111111 11111111 00000000 00000000 00001000 00000001 00000000 
00000100 00001000 11001011 00101010 10110011 00001000 00000001 00000000 
00000100 00001100 11001100 00101010 11000101 11111111 11111111 00000000 
00000000 00000101 00000001 00000000 00000100 00001000 11001101 00101010 
10110011 00000101 00000001 00000000 00000100 00001100 11001110 00101010 
11000101 11111111 11111111 00000000 00000000 00001000 00000001 00000000 
00000100 00001000 11001111 00101010 10110011 00001000 00000001 00000000 
00000100 00001100 11010000 00101010 11000101 11111111 11111111 00000000 
00000000 00000101 00000001 00000000 00000100 00001000 11010001 00101010 
10110011 00000101 00000001 00000000 00000100 00001100 11010010 00101010 
11000101 11111111 11111111 00000000 00000000 00001000 00000001 00000000 
00000100 00001000 11010011 00101010 10110011 00001000 00000001 00000000 
00000100 00001100 11010100 00101010 11000101 11111111 11111111 00000000 
00000000 00000101 00000001 00000000 00000100 00001000 11010101 00101010 
10110011 00000101 00000001 00000000 00000100 00001100 11010110 00101010 
11000101 11111111 11111111 00000000 00000000 00001000 00000001 00000000 
00000100 00001000 11010111 00101010 10110011 00001000 00000001 00000000 
00000100 00001100 11011000 00101010 11000101 11111111 11111111 00000000 
00000000 00000101 00000001 00000000 00000100 00001000 11011001 00101010 
10110011 00000101 00000001 00000000 00000100 00001100 11011010 00101010 
11000101 11111111 11111111 00000000 00000000 00001000 00000001 00000000 
00000100 00001000 11011011 00101010 10110011 00001000 00000001 00000000 
00000100 00001100 11011100 00101010 11000101 11111111 11111111 00000000 
00000000 00000101 00000001 00000000 00000100 00001000 11011101 00101010 
10110011 00000101 00000001 00000000 00000100 00001100 11011110 00101010 
11000101 11111111 11111111 00000000 00000000 00001000 00000001 00000000 
00000100 00001000 11011111 00101010 10110011 00001000 00000001 00000000 
00000100 00001100 11100000 00101010 11000101 11111111 11111111 00000000 
00000000 00000101 00000001 00000000 00000100 00001000 11100001 00101010 
10110011 00000101 00000001 00000000 00000100 00001100 11100010 00101010 
11000101 11111111 11111111 00000000 00000000 00001000 00000001 00000000 
00000100 00001000 11100011 00101010 10110011 00001000 00000001 00000000 
00000100 00001100 11100100 00101010 11000101 11111111 11111111 00000000 
00000000 00000101 00000001 00000000 00000100 00001000 11100101 00101010 
10110011 00000101 00000001 00000000 00000100 00001100 11100110 00101010 
11000101 11111111 11111111 00000000 00000000 00001000 00000001 00000000 
00000100 00001000 11100111 00101010 10110011 00001000 00000001 00000000 
00000100 00001100 11101000 00101010 11000101 11111111 11111111 00000000 
00000000 00000101 00000001 00000000 00000100 00001000 11101001 00101010 
10110011 00000101 00000001 00000000 00000100 00001100 11101010 00101010 
11000101 11111111 11111111 00000000 00000000 00001000 00000001 00000000 
00000100 00001000 11101011 00101010 10110011 00001000 00000001 00000000 
00000100 00001100 11101100 00101010 11000101 11111111 11111111 00000000 
00000000 00000101 00000001 00000000 00000100 00001000 11101101 00101010 
10110011 00000101 00000001 00000000 00000100 00001100 11101110 00101010 
11000101 11111111 11111111 00000000 00000000 00001000 00000001 00000000 
00000100 00001000 11101111 00101010 10110011 00001000 00000001 00000000 
00000100 00001100 11110000 00101010 11000101 11111111 11111111 00000000 
00000000 00000101 00000001 00000000 00000100 00001000 11110001 00101010 
10110011 00000101 00000001 00000000 00000100 00001100 11110010 00101010 
11000101 11111111 11111111 00000000 00000000 00001000 00000001 00000000 
00000100 00001000 11110011 00101010 10110011 00001000 00000001 00000000 
00000100 00001100 11110100 00101010 11000101 11111111 11111111 00000000 
00000000 00000101 00000001 00000000 00000100 00001000 11110101 00101010 
10110011 00000101 00000001 00000000 00000100 00001100 11110110 00101010 
11000101 11111111 11111111 00000000 00000000 00001000 00000001 00000000 
00000100 00001000 11110111 00101010 10110011 00001000 00000001 00000000 
00000100 00001100 11111000 00101010 11000101 11111111 11111111 00000000 
00000000 00000101 00000001 00000000 00000100 00001000 11111001 00101010 
10110011 00000101 00000001 00000000 00000100 00001100 11111010 00101010 
11000101 11111111 11111111 00000000 00000000 00001000 00000001 00000000 
00000100 00001000 11111011 00101010 10110011 00001000 00000001 00000000 
00000100 00001100 11111100 00101010 11000101 11111111 11111111 00000000 
00000000 00000101 00000001 00000000 00000100 00001000 11111101 00101010 
10110011 00000101 00000001 00000000 00000100 00001100 11111110 00101010 
11000101 11111111 11111111 00000000 00000000 00001000 00000001 00000000 
00000100 00001000 11111111 00101010 10110011 00001000 00000001 00000000 
00000100 00001100 00000000 00101011 11000101 11111111 11111111 00000000 
00000000 00000101 00000001 00000000 00000100 00000000 00000000 00000000 
00000000 00000000 00000000 00000000 00000000 00000000 00000000 00000000 
00000000 00000000 00000000 00001000 00000001 00101011 10110011 00000101 
00000001 00000000 00000100 00001100 00000010 00101011 11000101 11111111 
11111111 00000000 00000000 00001000 00000001 00000000 00000100 00001000 
00000011 00101011 10110011 00001000 00000001 00000000 00000100 00001100 
00000100 00101011 11000101 11111111 11111111 00000000 00000000 00000101 
00000001 00000000 00000100 00001000 00000101 00101011 10110011 00000101 
00000001 00000000 00000100 00001100 00000110 00101011 11000101 11111111 
11111111 00000000 00000000 00001000 00000001 00000000 00000100 00001000 
00000111 00101011 10110011 00001000 00000001 00000000 00000100 00001100 
00001000 00101011 11000101 11111111 11111111 00000000 00000000 00000101 
00000001 00000000 00000100 00001000 00001001 00101011 10110011 00000101 
00000001 00000000 00000100 00001100 00001010 00101011 11000101 11111111 
11111111 00000000 00000000 00001000 00000001 00000000 00000100 00001000 
00001011 00101011 10110011 00001000 00000001 00000000 00000100 00001100 
00001100 00101011 11000101 11111111 11111111 00000000 00000000 00000101 
00000001 00000000 00000100 00001000 00001101 00101011 10110011 00000101 
00000001 00000000 00000100 00001100 00001110 00101011 11000101 11111111 
11111111 00000000 00000000 00001000 00000001 00000000 00000100 00001000 
00001111 00101011 10110011 00001000 00000001 00000000 00000100 00001100 
00010000 00101011 11000101 11111111 11111111 00000000 00000000 00000101 
00000001 00000000 00000100 00001000 00010001 00101011 10110011 00000101 
00000001 00000000 00000100 00001100 00010010 00101011 11000101 11111111 
11111111 00000000 00000000 00001000 00000001 00000000 00000100 00001000 
00010011 00101011 10110011 00001000 00000001 00000000 00000100 00001100 
00010100 00101011 11000101 11111111 11111111 00000000 00000000 00000101 
00000001 00000000 00000100 00001000 00010101 00101011 10110011 00000101 
00000001 00000000 00000100 00001100 00010110 00101011 11000101 11111111 
11111111 00000000 00000000 00001000 00000001 00000000 00000100 00001000 
00010111 00101011 10110011 00001000 00000001 00000000 00000100 00001100 
00011000 00101011 11000101 11111111 11111111 00000000 00000000 00000101 
00000001 00000000 00000100 00001000 00011001 00101011 10110011 00000101 
00000001 00000000 00000100 00001100 00011010 00101011 11000101 11111111 
11111111 00000000 00000000 00001000 00000001 00000000 00000100 00001000 
00011011 00101011 10110011 00001000 00000001 00000000 00000100 00001100 
00011100 00101011 11000101 11111111 11111111 00000000 00000000 00000101 
00000001 00000000 00000100 00001000 00011101 00101011 10110011 00000101 
00000001 00000000 00000100 00001100 00011110 00101011 11000101 11111111 
11111111 00000000 00000000 00001000 00000001 00000000 00000100 00001000 
00011111 00101011 10110011 00001000 00000001 00000000 00000100 00001100 
00100000 00101011 11000101 11111111 11111111 00000000 00000000 00000101 
00000001 00000000 00000100 00001000 00100001 00101011 10110011 00000101 
00000001 00000000 00000100 00001100 00100010 00101011 11000101 11111111 
11111111 00000000 00000000 00001000 00000001 00000000 00000100 00001000 
00100011 00101011 10110011 00001000 00000001 00000000 00000100 00001100 
00100100 00101011 11000101 11111111 11111111 00000000 00000000 00000101 
00000001 00000000 00000100 00001000 00100101 00101011 10110011 00000101 
00000001 00000000 00000100 00001100 00100110 00101011 11000101 11111111 
11111111 00000000 00000000 00001000 00000001 00000000 00000100 00001000 
00100111 00101011 10110011 00001000 00000001 00000000 00000100 00001100 
00101000 00101011 11000101 11111111 11111111 00000000 00000000 00000101 
00000001 00000000 00000100 00001000 00101001 00101011 10110011 00000101 
00000001 00000000 00000100 00001100 00101010 00101011 11000101 11111111 
11111111 00000000 00000000 00001000 00000001 00000000 00000100 00001000 
00101011 00101011 10110011 00001000 00000001 00000000 00000100 00001100 
00101100 00101011 11000101 11111111 11111111 00000000 00000000 00000101 
00000001 00000000 00000100 00001000 00101101 00101011 10110011 00000101 
00000001 00000000 00000100 00001100 00101110 00101011 11000101 11111111 
11111111 00000000 00000000 00001000 00000001 00000000 00000100 00001000 
00101111 00101011 10110011 00001000 00000001 00000000 00000100 00001100 
00110000 00101011 11000101 11111111 11111111 00000000 00000000 00000101 
00000001 00000000 00000100 00001000 00110001 00101011 10110011 00000101 
00000001 00000000 00000100 00001100 00110010 00101011 11000101 11111111 
11111111 00000000 00000000 00001000 00000001 00000000 00000100 00001000 
00110011 00101011 10110011 00001000 00000001 00000000 00000100 00001100 
00110100 00101011 11000101 11111111 11111111 00000000 00000000 00000101 
00000001 00000000 00000100 00001000 00110101 00101011 10110011 00000101 
00000001 00000000 00000100 00001100 00110110 00101011 11000101 11111111 
11111111 00000000 00000000 00001000 00000001 00000000 00000100 00001000 
00110111 00101011 10110011 00001000 00000001 00000000 00000100 00001100 
00111000 00101011 11000101 11111111 11111111 00000000 00000000 00000101 
00000001 00000000 00000100 00001000 00111001 00101011 10110011 00000101 
00000001 00000000 00000100 00001100 00111010 00101011 11000101 11111111 
11111111 00000000 00000000 00001000 00000001 00000000 00000100 00001000 
00111011 00101011 10110011 00001000 00000001 00000000 00000100 00001100 
00111100 00101011 11000101 11111111 11111111 00000000 00000000 00000101 
00000001 00000000 00000100 00001000 00111101 00101011 10110011 00000101 
00000001 00000000 00000100 00001100 00111110 00101011 11000101 11111111 
11111111 00000000 00000000 00001000 00000001 00000000 00000100 00001000 
00111111 00101011 10110011 00001000 00000001 00000000 00000100 00001100 
01000000 00101011 11000101 11111111 11111111 00000000 00000000 00000101 
00000001 00000000 00000100 00001000 01000001 00101011 10110011 00000101 
00000001 00000000 00000100 00001100 01000010 00101011 11000101 11111111 
11111111 00000000 00000000 00001000 00000001 00000000 00000100 00001000 
01000011 00101011 10110011 00001000 00000001 00000000 00000100 00001100 
01000100 00101011 11000101 11111111 11111111 00000000 00000000 00000101 
00000001 00000000 00000100 00001000 01000101 00101011 10110011 00000101 
00000001 00000000 00000100 00001100 01000110 00101011 11000101 11111111 
11111111 00000000 00000000 00001000 00000001 00000000 00000100 00001000 
01000111 00101011 10110011 00001000 00000001 00000000 00000100 00001100 
01001000 00101011 11000101 11111111 11111111 00000000 00000000 00000101 
00000001 00000000 00000100 00001000 01001001 00101011 10110011 00000101 
00000001 00000000 00000100 00001100 01001010 00101011 11000101 11111111 
11111111 00000000 00000000 00001000 00000001 00000000 00000100 00001000 
01001011 00101011 10110011 00001000 00000001 00000000 00000100 00001100 
01001100 00101011 11000101 11111111 11111111 00000000 00000000 00000101 
00000001 00000000 00000100 00001000 01001101 00101011 10110011 00000101 
00000001 00000000 00000100 00001100 01001110 00101011 11000101 11111111 
11111111 00000000 00000000 00001000 00000001 00000000 00000100 00001000 
01001111 00101011 10110011 00001000 00000001 00000000 00000100 00001100 
01010000 00101011 11000101 11111111 11111111 00000000 00000000 00000101 
00000001 00000000 00000100 00001000 01010001 00101011 10110011 00000101 
00000001 00000000 00000100 00001100 01010010 00101011 11000101 11111111 
11111111 00000000 00000000 00001000 00000001 00000000 00000100 00001000 
01010011 00101011 10110011 00001000 00000001 00000000 00000100 00001100 
01010100 00101011 11000101 11111111 11111111 00000000 00000000 00000101 
00000001 00000000 00000100 00001000 01010101 00101011 10110011 00000101 
00000001 00000000 00000100 00001100 01010110 00101011 11000101 11111111 
11111111 00000000 00000000 00001000 00000001 00000000 00000100 00001000 
01010111 00101011 10110011 00001000 00000001 00000000 00000100 00001100 
01011000 00101011 11000101 11111111 11111111 00000000 00000000 00000101 
00000001 00000000 00000100 00001000 01011001 00101011 10110011 00000101 
00000001 00000000 00000100 00001100 01011010 00101011 11000101 11111111 
11111111 00000000 00000000 00001000 00000001 00000000 00000100 00001000 
01011011 00101011 10110011 00001000 00000001 00000000 00000100 00001100 
01011100 00101011 11000101 11111111 11111111 00000000 00000000 00000101 
00000001 00000000 00000100 00001000 01011101 00101011 10110011 00000101 
00000001 00000000 00000100 00001100 01011110 00101011 11000101 11111111 
11111111 00000000 00000000 00001000 00000001 00000000 00000100 00001000 
01011111 00101011 10110011 00001000 00000001 00000000 00000100 00001100 
01100000 00101011 11000101 11111111 11111111 00000000 00000000 00000101 
00000001 00000000 00000100 00001000 01100001 00101011 10110011 00000101 
00000001 00000000 00000100 00001100 01100010 00101011 11000101 11111111 
11111111 00000000 00000000 00001000 00000001 00000000 00000100 00001000 
01100011 00101011 10110011 00001000 00000001 00000000 00000100 00001100 
01100100 00101011 11000101 11111111 11111111 00000000 00000000 00000101 
00000001 00000000 00000100 00001000 01100101 00101011 10110011 00000101 
00000001 00000000 00000100 00001100 01100110 00101011 11000101 11111111 
11111111 00000000 00000000 00001000 00000001 00000000 00000100 00001000 
01100111 00101011 10110011 00001000 00000001 00000000 00000100 00001100 
01101000 00101011 11000101 11111111 11111111 00000000 00000000 00000101 
00000001 00000000 00000100 00001000 01101001 00101011 10110011 00000101 
00000001 00000000 00000100 00001100 01101010 00101011 11000101 11111111 
11111111 00000000 00000000 00001000 00000001 00000000 00000100 00001000 
01101011 00101011 10110011 00001000 00000001 00000000 00000100 00001100 
01101100 00101011 11000101 11111111 11111111 00000000 00000000 00000101 
00000001 00000000 00000100 00001000 01101101 00101011 10110011 00000101 
00000001 00000000 00000100 00001100 01101110 00101011 11000101 11111111 
11111111 00000000 00000000 00001000 00000001 00000000 00000100 00001000 
01101111 00101011 10110011 00001000 00000001 00000000 00000100 00001100 
01110000 00101011 11000101 11111111 11111111 00000000 00000000 00000101 
00000001 00000000 00000100 00001000 01110001 00101011 10110011 00000101 
00000001 00000000 00000100 00001100 01110010 00101011 11000101 11111111 
11111111 00000000 00000000 00001000 00000001 00000000 00000100 00001000 
01110011 00101011 10110011 00001000 00000001 00000000 00000100 00001100 
01110100 00101011 11000101 11111111 11111111 00000000 00000000 00000101 
00000001 00000000 00000100 00001000 01110101 00101011 10110011 00000101 
00000001 00000000 00000100 00001100 01110110 00101011 11000101 11111111 
11111111 00000000 00000000 00001000 00000001 00000000 00000100 00001000 
01110111 00101011 10110011 00001000 00000001 00000000 00000100 00001100 
01111000 00101011 11000101 11111111 11111111 00000000 00000000 00000101 
00000001 00000000 00000100 00001000 01111001 00101011 10110011 00000101 
00000001 00000000 00000100 00001100 01111010 00101011 11000101 11111111 
11111111 00000000 00000000 00001000 00000001 00000000 00000100 00001000 
01111011 00101011 10110011 00001000 00000001 00000000 00000100 00001100 
01111100 00101011 11000101 11111111 11111111 00000000 00000000 00000101 
00000001 00000000 00000100 00001000 01111101 00101011 10110011 00000101 
00000001 00000000 00000100 00001100 01111110 00101011 11000101 11111111 
11111111 00000000 00000000 00001000 00000001 00000000 00000100 00001000 
01111111 00101011 10110011 00001000 00000001 00000000 00000100 00001100 
10000000 00101011 11000101 11111111 11111111 00000000 00000000 00000101 
00000001 00000000 00000100 00000000 00000000 00000000 00000000 00000000 
00000000 00000000 00000000 00000000 00000000 00000000 00000000 00000000 
00000000 00001000 10000001 00101011 10110011 00000101 00000001 00000000 
00000100 00001100 10000010 00101011 11000101 11111111 11111111 00000000 
00000000 00001000 00000001 00000000 00000100 00001000 10000011 00101011 
10110011 00001000 00000001 00000000 00000100 00001100 10000100 00101011 
11000101 11111111 11111111 00000000 00000000 00000101 00000001 00000000 
00000100 00001000 10000101 00101011 10110011 00000101 00000001 00000000 
00000100 00001100 10000110 00101011 11000101 11111111 11111111 00000000 
00000000 00001000 00000001 00000000 00000100 00001000 10000111 00101011 
10110011 00001000 00000001 00000000 00000100 00001100 10001000 00101011 
11000101 11111111 11111111 00000000 00000000 00000101 00000001 00000000 
00000100 00001000 10001001 00101011 10110011 00000101 00000001 00000000 
00000100 00001100 10001010 00101011 11000101 11111111 11111111 00000000 
00000000 00001000 00000001 00000000 00000100 00001000 10001011 00101011 
10110011 00001000 00000001 00000000 00000100 00001100 10001100 00101011 
11000101 11111111 11111111 00000000 00000000 00000101 00000001 00000000 
00000100 00001000 10001101 00101011 10110011 00000101 00000001 00000000 
00000100 00001100 10001110 00101011 11000101 11111111 11111111 00000000 
00000000 00001000 00000001 00000000 00000100 00001000 10001111 00101011 
10110011 00001000 00000001 00000000 00000100 00001100 10010000 00101011 
11000101 11111111 11111111 00000000 00000000 00000101 00000001 00000000 
00000100 00001000 10010001 00101011 10110011 00000101 00000001 00000000 
00000100 00001100 10010010 00101011 11000101 11111111 11111111 00000000 
00000000 00001000 00000001 00000000 00000100 00001000 10010011 00101011 
10110011 00001000 00000001 00000000 00000100 00001100 10010100 00101011 
11000101 11111111 11111111 00000000 00000000 00000101 00000001 00000000 
00000100 00001000 10010101 00101011 10110011 00000101 00000001 00000000 
00000100 00001100 10010110 00101011 11000101 11111111 11111111 00000000 
00000000 00001000 00000001 00000000 00000100 00001000 10010111 00101011 
10110011 00001000 00000001 00000000 00000100 00001100 10011000 00101011 
11000101 11111111 11111111 00000000 00000000 00000101 00000001 00000000 
00000100 00001000 10011001 00101011 10110011 00000101 00000001 00000000 
00000100 00001100 10011010 00101011 11000101 11111111 11111111 00000000 
00000000 00001000 00000001 00000000 00000100 00001000 10011011 00101011 
10110011 00001000 00000001 00000000 00000100 00001100 10011100 00101011 
11000101 11111111 11111111 00000000 00000000 00000101 00000001 00000000 
00000100 00001000 10011101 00101011 10110011 00000101 00000001 00000000 
00000100 00001100 10011110 00101011 11000101 11111111 11111111 00000000 
00000000 00001000 00000001 00000000 00000100 00001000 10011111 00101011 
10110011 00001000 00000001 00000000 00000100 00001100 10100000 00101011 
11000101 11111111 11111111 00000000 00000000 00000101 00000001 00000000 
00000100 00001000 10100001 00101011 10110011 00000101 00000001 00000000 
00000100 00001100 10100010 00101011 11000101 11111111 11111111 00000000 
00000000 00001000 00000001 00000000 00000100 00001000 10100011 00101011 
10110011 00001000 00000001 00000000 00000100 00001100 10100100 00101011 
11000101 11111111 11111111 00000000 00000000 00000101 00000001 00000000 
00000100 00001000 10100101 00101011 10110011 00000101 00000001 00000000 
00000100 00001100 10100110 00101011 11000101 11111111 11111111 00000000 
00000000 00001000 00000001 00000000 00000100 00001000 10100111 00101011 
10110011 00001000 00000001 00000000 00000100 00001100 10101000 00101011 
11000101 11111111 11111111 00000000 00000000 00000101 00000001 00000000 
00000100 00001000 10101001 00101011 10110011 00000101 00000001 00000000 
00000100 00001100 10101010 00101011 11000101 11111111 11111111 00000000 
00000000 00001000 00000001 00000000 00000100 00001000 10101011 00101011 
10110011 00001000 00000001 00000000 00000100 00001100 10101100 00101011 
11000101 11111111 11111111 00000000 00000000 00000101 00000001 00000000 
00000100 00001000 10101101 00101011 10110011 00000101 00000001 00000000 
00000100 00001100 10101110 00101011 11000101 11111111 11111111 00000000 
00000000 00001000 00000001 00000000 00000100 00001000 10101111 00101011 
10110011 00001000 00000001 00000000 00000100 00001100 10110000 00101011 
11000101 11111111 11111111 00000000 00000000 00000101 00000001 00000000 
00000100 00001000 10110001 00101011 10110011 00000101 00000001 00000000 
00000100 00001100 10110010 00101011 11000101 11111111 11111111 00000000 
00000000 00001000 00000001 00000000 00000100 00001000 10110011 00101011 
10110011 00001000 00000001 00000000 00000100 00001100 10110100 00101011 
11000101 11111111 11111111 00000000 00000000 00000101 00000001 00000000 
00000100 00001000 10110101 00101011 10110011 00000101 00000001 00000000 
00000100 00001100 10110110 00101011 11000101 11111111 11111111 00000000 
00000000 00001000 00000001 00000000 00000100 00001000 10110111 00101011 
10110011 00001000 00000001 00000000 00000100 00001100 10111000 00101011 
11000101 11111111 11111111 00000000 00000000 00000101 00000001 00000000 
00000100 00001000 10111001 00101011 10110011 00000101 00000001 00000000 
00000100 00001100 10111010 00101011 11000101 11111111 11111111 00000000 
00000000 00001000 00000001 00000000 00000100 00001000 10111011 00101011 
10110011 00001000 00000001 00000000 00000100 00001100 10111100 00101011 
11000101 11111111 11111111 00000000 00000000 00000101 00000001 00000000 
00000100 00001000 10111101 00101011 10110011 00000101 00000001 00000000 
00000100 00001100 10111110 00101011 11000101 11111111 11111111 00000000 
00000000 00001000 00000001 00000000 00000100 00001000 10111111 00101011 
10110011 00001000 00000001 00000000 00000100 00001100 11000000 00101011 
11000101 11111111 11111111 00000000 00000000 00000101 00000001 00000000 
00000100 00001000 11000001 00101011 10110011 00000101 00000001 00000000 
00000100 00001100 11000010 00101011 11000101 11111111 11111111 00000000 
00000000 00001000 00000001 00000000 00000100 00001000 11000011 00101011 
10110011 00001000 00000001 00000000 00000100 00001100 11000100 00101011 
11000101 11111111 11111111 00000000 00000000 00000101 00000001 00000000 
00000100 00001000 11000101 00101011 10110011 00000101 00000001 00000000 
00000100 00001100 11000110 00101011 11000101 11111111 11111111 00000000 
00000000 00001000 00000001 00000000 00000100 00001000 11000111 00101011 
10110011 00001000 00000001 00000000 00000100 00001100 11001000 00101011 
11000101 11111111 11111111 00000000 00000000 00000101 00000001 00000000 
00000100 00001000 11001001 00101011 10110011 00000101 00000001 00000000 
00000100 00001100 11001010 00101011 11000101 11111111 11111111 00000000 
00000000 00001000 00000001 00000000 00000100 00001000 11001011 00101011 
10110011 00001000 00000001 00000000 00000100 00001100 11001100 00101011 
11000101 11111111 11111111 00000000 00000000 00000101 00000001 00000000 
00000100 00001000 11001101 00101011 10110011 00000101 00000001 00000000 
00000100 00001100 11001110 00101011 11000101 11111111 11111111 00000000 
00000000 00001000 00000001 00000000 00000100 00001000 11001111 00101011 
10110011 00001000 00000001 00000000 00000100 00001100 11010000 00101011 
11000101 11111111 11111111 00000000 00000000 00000101 00000001 00000000 
00000100 00001000 11010001 00101011 10110011 00000101 00000001 00000000 
00000100 00001100 11010010 00101011 11000101 11111111 11111111 00000000 
00000000 00001000 00000001 00000000 00000100 00001000 11010011 00101011 
10110011 00001000 00000001 00000000 00000100 00001100 11010100 00101011 
11000101 11111111 11111111 00000000 00000000 00000101 00000001 00000000 
00000100 00001000 11010101 00101011 10110011 00000101 00000001 00000000 
00000100 00001100 11010110 00101011 11000101 11111111 11111111 00000000 
00000000 00001000 00000001 00000000 00000100 00001000 11010111 00101011 
10110011 00001000 00000001 00000000 00000100 00001100 11011000 00101011 
11000101 11111111 11111111 00000000 00000000 00000101 00000001 00000000 
00000100 00001000 11011001 00101011 10110011 00000101 00000001 00000000 
00000100 00001100 11011010 00101011 11000101 11111111 11111111 00000000 
00000000 00001000 00000001 00000000 00000100 00001000 11011011 00101011 
10110011 00001000 00000001 00000000 00000100 00001100 11011100 00101011 
11000101 11111111 11111111 00000000 00000000 00000101 00000001 00000000 
00000100 00001000 11011101 00101011 10110011 00000101 00000001 00000000 
00000100 00001100 11011110 00101011 11000101 11111111 11111111 00000000 
00000000 00001000 00000001 00000000 00000100 00001000 11011111 00101011 
10110011 00001000 00000001 00000000 00000100 00001100 11100000 00101011 
11000101 11111111 11111111 00000000 00000000 00000101 00000001 00000000 
00000100 00001000 11100001 00101011 10110011 00000101 00000001 00000000 
00000100 00001100 11100010 00101011 11000101 11111111 11111111 00000000 
00000000 00001000 00000001 00000000 00000100 00001000 11100011 00101011 
10110011 00001000 00000001 00000000 00000100 00001100 11100100 00101011 
11000101 11111111 11111111 00000000 00000000 00000101 00000001 00000000 
00000100 00001000 11100101 00101011 10110011 00000101 00000001 00000000 
00000100 00001100 11100110 00101011 11000101 11111111 11111111 00000000 
00000000 00001000 00000001 00000000 00000100 00001000 11100111 00101011 
10110011 00001000 00000001 00000000 00000100 00001100 11101000 00101011 
11000101 11111111 11111111 00000000 00000000 00000101 00000001 00000000 
00000100 00001000 11101001 00101011 10110011 00000101 00000001 00000000 
00000100 00001100 11101010 00101011 11000101 11111111 11111111 00000000 
00000000 00001000 00000001 00000000 00000100 00001000 11101011 00101011 
10110011 00001000 00000001 00000000 00000100 00001100 11101100 00101011 
11000101 11111111 11111111 00000000 00000000 00000101 00000001 00000000 
00000100 00001000 11101101 00101011 10110011 00000101 00000001 00000000 
00000100 00001100 11101110 00101011 11000101 11111111 11111111 00000000 
00000000 00001000 00000001 00000000 00000100 00001000 11101111 00101011 
10110011 00001000 00000001 00000000 00000100 00001100 11110000 00101011 
11000101 11111111 11111111 00000000 00000000 00000101 00000001 00000000 
00000100 00001000 11110001 00101011 10110011 00000101 00000001 00000000 
00000100 00001100 11110010 00101011 11000101 11111111 11111111 00000000 
00000000 00001000 00000001 00000000 00000100 00001000 11110011 00101011 
10110011 00001000 00000001 00000000 00000100 00001100 11110100 00101011 
11000101 11111111 11111111 00000000 00000000 00000101 00000001 00000000 
00000100 00001000 11110101 00101011 10110011 00000101 00000001 00000000 
00000100 00001100 11110110 00101011 11000101 11111111 11111111 00000000 
00000000 00001000 00000001 00000000 00000100 00001000 11110111 00101011 
10110011 00001000 00000001 00000000 00000100 00001100 11111000 00101011 
11000101 11111111 11111111 00000000 00000000 00000101 00000001 00000000 
00000100 00001000 11111001 00101011 10110011 00000101 00000001 00000000 
00000100 00001100 11111010 00101011 11000101 11111111 11111111 00000000 
00000000 00001000 00000001 00000000 00000100 00001000 11111011 00101011 
10110011 00001000 00000001 00000000 00000100 00001100 11111100 00101011 
11000101 11111111 11111111 00000000 00000000 00000101 00000001 00000000 
00000100 00001000 11111101 00101011 10110011 00000101 00000001 00000000 
00000100 00001100 11111110 00101011 11000101 11111111 11111111 00000000 
00000000 00001000 00000001 00000000 00000100 00001000 11111111 00101011 
10110011 00001000 00000001 00000000 00000100 00001100 00000000 00101100 
11000101 11111111 11111111 00000000 00000000 00000101 00000001 00000000 
00000100 00000000 00000000 00000000 00000000 00000000 00000000 00000000 
00000000 00000000 00000000 00000000 00000000 00000000 00000000 00001000 
00000001 00101100 10110011 00000101 00000001 00000000 00000100 00001100 
00000010 00101100 11000101 11111111 11111111 00000000 00000000 00001000 
00000001 00000000 00000100 00001000 00000011 00101100 10110011 00001000 
00000001 00000000 00000100 00001100 00000100 00101100 11000101 11111111 
11111111 00000000 00000000 00000101 00000001 00000000 00000100 00001000 
00000101 00101100 10110011 00000101 00000001 00000000 00000100 00001100 
00000110 00101100 11000101 11111111 11111111 00000000 00000000 00001000 
00000001 00000000 00000100 00001000 00000111 00101100 10110011 00001000 
00000001 00000000 00000100 00001100 00001000 00101100 11000101 11111111 
11111111 00000000 00000000 00000101 00000001 00000000 00000100 00001000 
00001001 00101100 10110011 00000101 00000001 00000000 00000100 00001100 
00001010 00101100 11000101 11111111 11111111 00000000 00000000 00001000 
00000001 00000000 00000100 00001000 00001011 00101100 10110011 00001000 
00000001 00000000 00000100 00001100 00001100 00101100 11000101 11111111 
11111111 00000000 00000000 00000101 00000001 00000000 00000100 00001000 
00001101 00101100 10110011 00000101 00000001 00000000 00000100 00001100 
00001110 00101100 11000101 11111111 11111111 00000000 00000000 00001000 
00000001 00000000 00000100 00001000 00001111 00101100 10110011 00001000 
00000001 00000000 00000100 00001100 00010000 00101100 11000101 11111111 
11111111 00000000 00000000 00000101 00000001 00000000 00000100 00001000 
00010001 00101100 10110011 00000101 00000001 00000000 00000100 00001100 
00010010 00101100 11000101 11111111 11111111 00000000 00000000 00001000 
00000001 00000000 00000100 00001000 00010011 00101100 10110011 00001000 
00000001 00000000 00000100 00001100 00010100 00101100 11000101 11111111 
11111111 00000000 00000000 00000101 00000001 00000000 00000100 00001000 
00010101 00101100 10110011 00000101 00000001 00000000 00000100 00001100 
00010110 00101100 11000101 11111111 11111111 00000000 00000000 00001000 
00000001 00000000 00000100 00001000 00010111 00101100 10110011 00001000 
00000001 00000000 00000100 00001100 00011000 00101100 11000101 11111111 
11111111 00000000 00000000 00000101 00000001 00000000 00000100 00001000 
00011001 00101100 10110011 00000101 00000001 00000000 00000100 00001100 
00011010 00101100 11000101 11111111 11111111 00000000 00000000 00001000 
00000001 00000000 00000100 00001000 00011011 00101100 10110011 00001000 
00000001 00000000 00000100 00001100 00011100 00101100 11000101 11111111 
11111111 00000000 00000000 00000101 00000001 00000000 00000100 00001000 
00011101 00101100 10110011 00000101 00000001 00000000 00000100 00001100 
00011110 00101100 11000101 11111111 11111111 00000000 00000000 00001000 
00000001 00000000 00000100 00001000 00011111 00101100 10110011 00001000 
00000001 00000000 00000100 00001100 00100000 00101100 11000101 11111111 
11111111 00000000 00000000 00000101 00000001 00000000 00000100 00001000 
00100001 00101100 10110011 00000101 00000001 00000000 00000100 00001100 
00100010 00101100 11000101 11111111 11111111 00000000 00000000 00001000 
00000001 00000000 00000100 00001000 00100011 00101100 10110011 00001000 
00000001 00000000 00000100 00001100 00100100 00101100 11000101 11111111 
11111111 00000000 00000000 00000101 00000001 00000000 00000100 00001000 
00100101 00101100 10110011 00000101 00000001 00000000 00000100 00001100 
00100110 00101100 11000101 11111111 11111111 00000000 00000000 00001000 
00000001 00000000 00000100 00001000 00100111 00101100 10110011 00001000 
00000001 00000000 00000100 00001100 00101000 00101100 11000101 11111111 
11111111 00000000 00000000 00000101 00000001 00000000 00000100 00001000 
00101001 00101100 10110011 00000101 00000001 00000000 00000100 00001100 
00101010 00101100 11000101 11111111 11111111 00000000 00000000 00001000 
00000001 00000000 00000100 00001000 00101011 00101100 10110011 00001000 
00000001 00000000 00000100 00001100 00101100 00101100 11000101 11111111 
11111111 00000000 00000000 00000101 00000001 00000000 00000100 00001000 
00101101 00101100 10110011 00000101 00000001 00000000 00000100 00001100 
00101110 00101100 11000101 11111111 11111111 00000000 00000000 00001000 
00000001 00000000 00000100 00001000 00101111 00101100 10110011 00001000 
00000001 00000000 00000100 00001100 00110000 00101100 11000101 11111111 
11111111 00000000 00000000 00000101 00000001 00000000 00000100 00001000 
00110001 00101100 10110011 00000101 00000001 00000000 00000100 00001100 
00110010 00101100 11000101 11111111 11111111 00000000 00000000 00001000 
00000001 00000000 00000100 00001000 00110011 00101100 10110011 00001000 
00000001 00000000 00000100 00001100 00110100 00101100 11000101 11111111 
11111111 00000000 00000000 00000101 00000001 00000000 00000100 00001000 
00110101 00101100 10110011 00000101 00000001 00000000 00000100 00001100 
00110110 00101100 11000101 11111111 11111111 00000000 00000000 00001000 
00000001 00000000 00000100 00001000 00110111 00101100 10110011 00001000 
00000001 00000000 00000100 00001100 00111000 00101100 11000101 11111111 
11111111 00000000 00000000 00000101 00000001 00000000 00000100 00001000 
00111001 00101100 10110011 00000101 00000001 00000000 00000100 00001100 
00111010 00101100 11000101 11111111 11111111 00000000 00000000 00001000 
00000001 00000000 00000100 00001000 00111011 00101100 10110011 00001000 
00000001 00000000 00000100 00001100 00111100 00101100 11000101 11111111 
11111111 00000000 00000000 00000101 00000001 00000000 00000100 00001000 
00111101 00101100 10110011 00000101 00000001 00000000 00000100 00001100 
00111110 00101100 11000101 11111111 11111111 00000000 00000000 00001000 
00000001 00000000 00000100 00001000 00111111 00101100 10110011 00001000 
00000001 00000000 00000100 00001100 01000000 00101100 11000101 11111111 
11111111 00000000 00000000 00000101 00000001 00000000 00000100 00001000 
01000001 00101100 10110011 00000101 00000001 00000000 00000100 00001100 
01000010 00101100 11000101 11111111 11111111 00000000 00000000 00001000 
00000001 00000000 00000100 00001000 01000011 00101100 10110011 00001000 
00000001 00000000 00000100 00001100 01000100 00101100 11000101 11111111 
11111111 00000000 00000000 00000101 00000001 00000000 00000100 00001000 
01000101 00101100 10110011 00000101 00000001 00000000 00000100 00001100 
01000110 00101100 11000101 11111111 11111111 00000000 00000000 00001000 
00000001 00000000 00000100 00001000 01000111 00101100 10110011 00001000 
00000001 00000000 00000100 00001100 01001000 00101100 11000101 11111111 
11111111 00000000 00000000 00000101 00000001 00000000 00000100 00001000 
01001001 00101100 10110011 00000101 00000001 00000000 00000100 00001100 
01001010 00101100 11000101 11111111 11111111 00000000 00000000 00001000 
00000001 00000000 00000100 00001000 01001011 00101100 10110011 00001000 
00000001 00000000 00000100 00001100 01001100 00101100 11000101 11111111 
11111111 00000000 00000000 00000101 00000001 00000000 00000100 00001000 
01001101 00101100 10110011 00000101 00000001 00000000 00000100 00001100 
01001110 00101100 11000101 11111111 11111111 00000000 00000000 00001000 
00000001 00000000 00000100 00001000 01001111 00101100 10110011 00001000 
00000001 00000000 00000100 00001100 01010000 00101100 11000101 11111111 
11111111 00000000 00000000 00000101 00000001 00000000 00000100 00001000 
01010001 00101100 10110011 00000101 00000001 00000000 00000100 00001100 
01010010 00101100 11000101 11111111 11111111 00000000 00000000 00001000 
00000001 00000000 00000100 00001000 01010011 00101100 10110011 00001000 
00000001 00000000 00000100 00001100 01010100 00101100 11000101 11111111 
11111111 00000000 00000000 00000101 00000001 00000000 00000100 00001000 
01010101 00101100 10110011 00000101 00000001 00000000 00000100 00001100 
01010110 00101100 11000101 11111111 11111111 00000000 00000000 00001000 
00000001 00000000 00000100 00001000 01010111 00101100 10110011 00001000 
00000001 00000000 00000100 00001100 01011000 00101100 11000101 11111111 
11111111 00000000 00000000 00000101 00000001 00000000 00000100 00001000 
01011001 00101100 10110011 00000101 00000001 00000000 00000100 00001100 
01011010 00101100 11000101 11111111 11111111 00000000 00000000 00001000 
00000001 00000000 00000100 00001000 01011011 00101100 10110011 00001000 
00000001 00000000 00000100 00001100 01011100 00101100 11000101 11111111 
11111111 00000000 00000000 00000101 00000001 00000000 00000100 00001000 
01011101 00101100 10110011 00000101 00000001 00000000 00000100 00001100 
01011110 00101100 11000101 11111111 11111111 00000000 00000000 00001000 
00000001 00000000 00000100 00001000 01011111 00101100 10110011 00001000 
00000001 00000000 00000100 00001100 01100000 00101100 11000101 11111111 
11111111 00000000 00000000 00000101 00000001 00000000 00000100 00001000 
01100001 00101100 10110011 00000101 00000001 00000000 00000100 00001100 
01100010 00101100 11000101 11111111 11111111 00000000 00000000 00001000 
00000001 00000000 00000100 00001000 01100011 00101100 10110011 00001000 
00000001 00000000 00000100 00001100 01100100 00101100 11000101 11111111 
11111111 00000000 00000000 00000101 00000001 00000000 00000100 00001000 
01100101 00101100 10110011 00000101 00000001 00000000 00000100 00001100 
01100110 00101100 11000101 11111111 11111111 00000000 00000000 00001000 
00000001 00000000 00000100 00001000 01100111 00101100 10110011 00001000 
00000001 00000000 00000100 00001100 01101000 00101100 11000101 11111111 
11111111 00000000 00000000 00000101 00000001 00000000 00000100 00001000 
01101001 00101100 10110011 00000101 00000001 00000000 00000100 00001100 
01101010 00101100 11000101 11111111 11111111 00000000 00000000 00001000 
00000001 00000000 00000100 00001000 01101011 00101100 10110011 00001000 
00000001 00000000 00000100 00001100 01101100 00101100 11000101 11111111 
11111111 00000000 00000000 00000101 00000001 00000000 00000100 00001000 
01101101 00101100 10110011 00000101 00000001 00000000 00000100 00001100 
01101110 00101100 11000101 11111111 11111111 00000000 00000000 00001000 
00000001 00000000 00000100 00001000 01101111 00101100 10110011 00001000 
00000001 00000000 00000100 00001100 01110000 00101100 11000101 11111111 
11111111 00000000 00000000 00000101 00000001 00000000 00000100 00001000 
01110001 00101100 10110011 00000101 00000001 00000000 00000100 00001100 
01110010 00101100 11000101 11111111 11111111 00000000 00000000 00001000 
00000001 00000000 00000100 00001000 01110011 00101100 10110011 00001000 
00000001 00000000 00000100 00001100 01110100 00101100 11000101 11111111 
11111111 00000000 00000000 00000101 00000001 00000000 00000100 00001000 
01110101 00101100 10110011 00000101 00000001 00000000 00000100 00001100 
01110110 00101100 11000101 11111111 11111111 00000000 00000000 00001000 
00000001 00000000 00000100 00001000 01110111 00101100 10110011 00001000 
00000001 00000000 00000100 00001100 01111000 00101100 11000101 11111111 
11111111 00000000 00000000 00000101 00000001 00000000 00000100 00001000 
01111001 00101100 10110011 00000101 00000001 00000000 00000100 00001100 
01111010 00101100 11000101 11111111 11111111 00000000 00000000 00001000 
00000001 00000000 00000100 00001000 01111011 00101100 10110011 00001000 
00000001 00000000 00000100 00001100 01111100 00101100 11000101 11111111 
11111111 00000000 00000000 00000101 00000001 00000000 00000100 00001000 
01111101 00101100 10110011 00000101 00000001 00000000 00000100 00001100 
01111110 00101100 11000101 11111111 11111111 00000000 00000000 00001000 
00000001 00000000 00000100 00001000 01111111 00101100 10110011 00001000 
00000001 00000000 00000100 00001100 10000000 00101100 11000101 11111111 
11111111 00000000 00000000 00000101 00000001 00000000 00000100 00000000 
00000000 00000000 00000000 00000000 00000000 00000000 00000000 00000000 
00000000 00000000 00000000 00000000 00000000 00001000 10000001 00101100 
10110011 00000101 00000001 00000000 00000100 00001100 10000010 00101100 
11000101 11111111 11111111 00000000 00000000 00001000 00000001 00000000 
00000100 00001000 10000011 00101100 10110011 00001000 00000001 00000000 
00000100 00001100 10000100 00101100 11000101 11111111 11111111 00000000 
00000000 00000101 00000001 00000000 00000100 00001000 10000101 00101100 
10110011 00000101 00000001 00000000 00000100 00001100 10000110 00101100 
11000101 11111111 11111111 00000000 00000000 00001000 00000001 00000000 
00000100 00001000 10000111 00101100 10110011 00001000 00000001 00000000 
00000100 00001100 10001000 00101100 11000101 11111111 11111111 00000000 
00000000 00000101 00000001 00000000 00000100 00001000 10001001 00101100 
10110011 00000101 00000001 00000000 00000100 00001100 10001010 00101100 
11000101 11111111 11111111 00000000 00000000 00001000 00000001 00000000 
00000100 00001000 10001011 00101100 10110011 00001000 00000001 00000000 
00000100 00001100 10001100 00101100 11000101 11111111 11111111 00000000 
00000000 00000101 00000001 00000000 00000100 00001000 10001101 00101100 
10110011 00000101 00000001 00000000 00000100 00001100 10001110 00101100 
11000101 11111111 11111111 00000000 00000000 00001000 00000001 00000000 
00000100 00001000 10001111 00101100 10110011 00001000 00000001 00000000 
00000100 00001100 10010000 00101100 11000101 11111111 11111111 00000000 
00000000 00000101 00000001 00000000 00000100 00001000 10010001 00101100 
10110011 00000101 00000001 00000000 00000100 00001100 10010010 00101100 
11000101 11111111 11111111 00000000 00000000 00001000 00000001 00000000 
00000100 00001000 10010011 00101100 10110011 00001000 00000001 00000000 
00000100 00001100 10010100 00101100 11000101 11111111 11111111 00000000 
00000000 00000101 00000001 00000000 00000100 00001000 10010101 00101100 
10110011 00000101 00000001 00000000 00000100 00001100 10010110 00101100 
11000101 11111111 11111111 00000000 00000000 00001000 00000001 00000000 
00000100 00001000 10010111 00101100 10110011 00001000 00000001 00000000 
00000100 00001100 10011000 00101100 11000101 11111111 11111111 00000000 
00000000 00000101 00000001 00000000 00000100 00001000 10011001 00101100 
10110011 00000101 00000001 00000000 00000100 00001100 10011010 00101100 
11000101 11111111 11111111 00000000 00000000 00001000 00000001 00000000 
00000100 00001000 10011011 00101100 10110011 00001000 00000001 00000000 
00000100 00001100 10011100 00101100 11000101 11111111 11111111 00000000 
00000000 00000101 00000001 00000000 00000100 00001000 10011101 00101100 
10110011 00000101 00000001 00000000 00000100 00001100 10011110 00101100 
11000101 11111111 11111111 00000000 00000000 00001000 00000001 00000000 
00000100 00001000 10011111 00101100 10110011 00001000 00000001 00000000 
00000100 00001100 10100000 00101100 11000101 11111111 11111111 00000000 
00000000 00000101 00000001 00000000 00000100 00001000 10100001 00101100 
10110011 00000101 00000001 00000000 00000100 00001100 10100010 00101100 
11000101 11111111 11111111 00000000 00000000 00001000 00000001 00000000 
00000100 00001000 10100011 00101100 10110011 00001000 00000001 00000000 
00000100 00001100 10100100 00101100 11000101 11111111 11111111 00000000 
00000000 00000101 00000001 00000000 00000100 00001000 10100101 00101100 
10110011 00000101 00000001 00000000 00000100 00001100 10100110 00101100 
11000101 11111111 11111111 00000000 00000000 00001000 00000001 00000000 
00000100 00001000 10100111 00101100 10110011 00001000 00000001 00000000 
00000100 00001100 10101000 00101100 11000101 11111111 11111111 00000000 
00000000 00000101 00000001 00000000 00000100 00001000 10101001 00101100 
10110011 00000101 00000001 00000000 00000100 00001100 10101010 00101100 
11000101 11111111 11111111 00000000 00000000 00001000 00000001 00000000 
00000100 00001000 10101011 00101100 10110011 00001000 00000001 00000000 
00000100 00001100 10101100 00101100 11000101 11111111 11111111 00000000 
00000000 00000101 00000001 00000000 00000100 00001000 10101101 00101100 
10110011 00000101 00000001 00000000 00000100 00001100 10101110 00101100 
11000101 11111111 11111111 00000000 00000000 00001000 00000001 00000000 
00000100 00001000 10101111 00101100 10110011 00001000 00000001 00000000 
00000100 00001100 10110000 00101100 11000101 11111111 11111111 00000000 
00000000 00000101 00000001 00000000 00000100 00001000 10110001 00101100 
10110011 00000101 00000001 00000000 00000100 00001100 10110010 00101100 
11000101 11111111 11111111 00000000 00000000 00001000 00000001 00000000 
00000100 00001000 10110011 00101100 10110011 00001000 00000001 00000000 
00000100 00001100 10110100 00101100 11000101 11111111 11111111 00000000 
00000000 00000101 00000001 00000000 00000100 00001000 10110101 00101100 
10110011 00000101 00000001 00000000 00000100 00001100 10110110 00101100 
11000101 11111111 11111111 00000000 00000000 00001000 00000001 00000000 
00000100 00001000 10110111 00101100 10110011 00001000 00000001 00000000 
00000100 00001100 10111000 00101100 11000101 11111111 11111111 00000000 
00000000 00000101 00000001 00000000 00000100 00001000 10111001 00101100 
10110011 00000101 00000001 00000000 00000100 00001100 10111010 00101100 
11000101 11111111 11111111 00000000 00000000 00001000 00000001 00000000 
00000100 00001000 10111011 00101100 10110011 00001000 00000001 00000000 
00000100 00001100 10111100 00101100 11000101 11111111 11111111 00000000 
00000000 00000101 00000001 00000000 00000100 00001000 10111101 00101100 
10110011 00000101 00000001 00000000 00000100 00001100 10111110 00101100 
11000101 11111111 11111111 00000000 00000000 00001000 00000001 00000000 
00000100 00001000 10111111 00101100 10110011 00001000 00000001 00000000 
00000100 00001100 11000000 00101100 11000101 11111111 11111111 00000000 
00000000 00000101 00000001 00000000 00000100 00001000 11000001 00101100 
10110011 00000101 00000001 00000000 00000100 00001100 11000010 00101100 
11000101 11111111 11111111 00000000 00000000 00001000 00000001 00000000 
00000100 00001000 11000011 00101100 10110011 00001000 00000001 00000000 
00000100 00001100 11000100 00101100 11000101 11111111 11111111 00000000 
00000000 00000101 00000001 00000000 00000100 00001000 11000101 00101100 
10110011 00000101 00000001 00000000 00000100 00001100 11000110 00101100 
11000101 11111111 11111111 00000000 00000000 00001000 00000001 00000000 
00000100 00001000 11000111 00101100 10110011 00001000 00000001 00000000 
00000100 00001100 11001000 00101100 11000101 11111111 11111111 00000000 
00000000 00000101 00000001 00000000 00000100 00001000 11001001 00101100 
10110011 00000101 00000001 00000000 00000100 00001100 11001010 00101100 
11000101 11111111 11111111 00000000 00000000 00001000 00000001 00000000 
00000100 00001000 11001011 00101100 10110011 00001000 00000001 00000000 
00000100 00001100 11001100 00101100 11000101 11111111 11111111 00000000 
00000000 00000101 00000001 00000000 00000100 00001000 11001101 00101100 
10110011 00000101 00000001 00000000 00000100 00001100 11001110 00101100 
11000101 11111111 11111111 00000000 00000000 00001000 00000001 00000000 
00000100 00001000 11001111 00101100 10110011 00001000 00000001 00000000 
00000100 00001100 11010000 00101100 11000101 11111111 11111111 00000000 
00000000 00000101 00000001 00000000 00000100 00001000 11010001 00101100 
10110011 00000101 00000001 00000000 00000100 00001100 11010010 00101100 
11000101 11111111 11111111 00000000 00000000 00001000 00000001 00000000 
00000100 00001000 11010011 00101100 10110011 00001000 00000001 00000000 
00000100 00001100 11010100 00101100 11000101 11111111 11111111 00000000 
00000000 00000101 00000001 00000000 00000100 00001000 11010101 00101100 
10110011 00000101 00000001 00000000 00000100 00001100 11010110 00101100 
11000101 11111111 11111111 00000000 00000000 00001000 00000001 00000000 
00000100 00001000 11010111 00101100 10110011 00001000 00000001 00000000 
00000100 00001100 11011000 00101100 11000101 11111111 11111111 00000000 
00000000 00000101 00000001 00000000 00000100 00001000 11011001 00101100 
10110011 00000101 00000001 00000000 00000100 00001100 11011010 00101100 
11000101 11111111 11111111 00000000 00000000 00001000 00000001 00000000 
00000100 00001000 11011011 00101100 10110011 00001000 00000001 00000000 
00000100 00001100 11011100 00101100 11000101 11111111 11111111 00000000 
00000000 00000101 00000001 00000000 00000100 00001000 11011101 00101100 
10110011 00000101 00000001 00000000 00000100 00001100 11011110 00101100 
11000101 11111111 11111111 00000000 00000000 00001000 00000001 00000000 
00000100 00001000 11011111 00101100 10110011 00001000 00000001 00000000 
00000100 00001100 11100000 00101100 11000101 11111111 11111111 00000000 
00000000 00000101 00000001 00000000 00000100 00001000 11100001 00101100 
10110011 00000101 00000001 00000000 00000100 00001100 11100010 00101100 
11000101 11111111 11111111 00000000 00000000 00001000 00000001 00000000 
00000100 00001000 11100011 00101100 10110011 00001000 00000001 00000000 
00000100 00001100 11100100 00101100 11000101 11111111 11111111 00000000 
00000000 00000101 00000001 00000000 00000100 00001000 11100101 00101100 
10110011 00000101 00000001 00000000 00000100 00001100 11100110 00101100 
11000101 11111111 11111111 00000000 00000000 00001000 00000001 00000000 
00000100 00001000 11100111 00101100 10110011 00001000 00000001 00000000 
00000100 00001100 11101000 00101100 11000101 11111111 11111111 00000000 
00000000 00000101 00000001 00000000 00000100 00001000 11101001 00101100 
10110011 00000101 00000001 00000000 00000100 00001100 11101010 00101100 
11000101 11111111 11111111 00000000 00000000 00001000 00000001 00000000 
00000100 00001000 11101011 00101100 10110011 00001000 00000001 00000000 
00000100 00001100 11101100 00101100 11000101 11111111 11111111 00000000 
00000000 00000101 00000001 00000000 00000100 00001000 11101101 00101100 
10110011 00000101 00000001 00000000 00000100 00001100 11101110 00101100 
11000101 11111111 11111111 00000000 00000000 00001000 00000001 00000000 
00000100 00001000 11101111 00101100 10110011 00001000 00000001 00000000 
00000100 00001100 11110000 00101100 11000101 11111111 11111111 00000000 
00000000 00000101 00000001 00000000 00000100 00001000 11110001 00101100 
10110011 00000101 00000001 00000000 00000100 00001100 11110010 00101100 
11000101 11111111 11111111 00000000 00000000 00001000 00000001 00000000 
00000100 00001000 11110011 00101100 10110011 00001000 00000001 00000000 
00000100 00001100 11110100 00101100 11000101 11111111 11111111 00000000 
00000000 00000101 00000001 00000000 00000100 00001000 11110101 00101100 
10110011 00000101 00000001 00000000 00000100 00001100 11110110 00101100 
11000101 11111111 11111111 00000000 00000000 00001000 00000001 00000000 
00000100 00001000 11110111 00101100 10110011 00001000 00000001 00000000 
00000100 00001100 11111000 00101100 11000101 11111111 11111111 00000000 
00000000 00000101 00000001 00000000 00000100 00001000 11111001 00101100 
10110011 00000101 00000001 00000000 00000100 00001100 11111010 00101100 
11000101 11111111 11111111 00000000 00000000 00001000 00000001 00000000 
00000100 00001000 11111011 00101100 10110011 00001000 00000001 00000000 
00000100 00001100 11111100 00101100 11000101 11111111 11111111 00000000 
00000000 00000101 00000001 00000000 00000100 00001000 11111101 00101100 
10110011 00000101 00000001 00000000 00000100 00001100 11111110 00101100 
11000101 11111111 11111111 00000000 00000000 00001000 00000001 00000000 
00000100 00001000 11111111 00101100 10110011 00001000 00000001 00000000 
00000100 00001100 00000000 00101101 11000101 11111111 11111111 00000000 
00000000 00000101 00000001 00000000 00000100 00000000 00000000 00000000 
00000000 00000000 00000000 00000000 00000000 00000000 00000000 00000000 
00000000 00000000 00000000 00001000 00000001 00101101 10110011 00000101 
00000001 00000000 00000100 00001100 00000010 00101101 11000101 11111111 
11111111 00000000 00000000 00001000 00000001 00000000 00000100 00001000 
00000011 00101101 10110011 00001000 00000001 00000000 00000100 00001100 
00000100 00101101 11000101 11111111 11111111 00000000 00000000 00000101 
00000001 00000000 00000100 00001000 00000101 00101101 10110011 00000101 
00000001 00000000 00000100 00001100 00000110 00101101 11000101 11111111 
11111111 00000000 00000000 00001000 00000001 00000000 00000100 00001000 
00000111 00101101 10110011 00001000 00000001 00000000 00000100 00001100 
00001000 00101101 11000101 11111111 11111111 00000000 00000000 00000101 
00000001 00000000 00000100 00001000 00001001 00101101 10110011 00000101 
00000001 00000000 00000100 00001100 00001010 00101101 11000101 11111111 
11111111 00000000 00000000 00001000 00000001 00000000 00000100 00001000 
00001011 00101101 10110011 00001000 00000001 00000000 00000100 00001100 
00001100 00101101 11000101 11111111 11111111 00000000 00000000 00000101 
00000001 00000000 00000100 00001000 00001101 00101101 10110011 00000101 
00000001 00000000 00000100 00001100 00001110 00101101 11000101 11111111 
11111111 00000000 00000000 00001000 00000001 00000000 00000100 00001000 
00001111 00101101 10110011 00001000 00000001 00000000 00000100 00001100 
00010000 00101101 11000101 11111111 11111111 00000000 00000000 00000101 
00000001 00000000 00000100 00001000 00010001 00101101 10110011 00000101 
00000001 00000000 00000100 00001100 00010010 00101101 11000101 11111111 
11111111 00000000 00000000 00001000 00000001 00000000 00000100 00001000 
00010011 00101101 10110011 00001000 00000001 00000000 00000100 00001100 
00010100 00101101 11000101 11111111 11111111 00000000 00000000 00000101 
00000001 00000000 00000100 00001000 00010101 00101101 10110011 00000101 
00000001 00000000 00000100 00001100 00010110 00101101 11000101 11111111 
11111111 00000000 00000000 00001000 00000001 00000000 00000100 00001000 
00010111 00101101 10110011 00001000 00000001 00000000 00000100 00001100 
00011000 00101101 11000101 11111111 11111111 00000000 00000000 00000101 
00000001 00000000 00000100 00001000 00011001 00101101 10110011 00000101 
00000001 00000000 00000100 00001100 00011010 00101101 11000101 11111111 
11111111 00000000 00000000 00001000 00000001 00000000 00000100 00001000 
00011011 00101101 10110011 00001000 00000001 00000000 00000100 00001100 
00011100 00101101 11000101 11111111 11111111 00000000 00000000 00000101 
00000001 00000000 00000100 00001000 00011101 00101101 10110011 00000101 
00000001 00000000 00000100 00001100 00011110 00101101 11000101 11111111 
11111111 00000000 00000000 00001000 00000001 00000000 00000100 00001000 
00011111 00101101 10110011 00001000 00000001 00000000 00000100 00001100 
00100000 00101101 11000101 11111111 11111111 00000000 00000000 00000101 
00000001 00000000 00000100 00001000 00100001 00101101 10110011 00000101 
00000001 00000000 00000100 00001100 00100010 00101101 11000101 11111111 
11111111 00000000 00000000 00001000 00000001 00000000 00000100 00001000 
00100011 00101101 10110011 00001000 00000001 00000000 00000100 00001100 
00100100 00101101 11000101 11111111 11111111 00000000 00000000 00000101 
00000001 00000000 00000100 00001000 00100101 00101101 10110011 00000101 
00000001 00000000 00000100 00001100 00100110 00101101 11000101 11111111 
11111111 00000000 00000000 00001000 00000001 00000000 00000100 00001000 
00100111 00101101 10110011 00001000 00000001 00000000 00000100 00001100 
00101000 00101101 11000101 11111111 11111111 00000000 00000000 00000101 
00000001 00000000 00000100 00001000 00101001 00101101 10110011 00000101 
00000001 00000000 00000100 00001100 00101010 00101101 11000101 11111111 
11111111 00000000 00000000 00001000 00000001 00000000 00000100 00001000 
00101011 00101101 10110011 00001000 00000001 00000000 00000100 00001100 
00101100 00101101 11000101 11111111 11111111 00000000 00000000 00000101 
00000001 00000000 00000100 00001000 00101101 00101101 10110011 00000101 
00000001 00000000 00000100 00001100 00101110 00101101 11000101 11111111 
11111111 00000000 00000000 00001000 00000001 00000000 00000100 00001000 
00101111 00101101 10110011 00001000 00000001 00000000 00000100 00001100 
00110000 00101101 11000101 11111111 11111111 00000000 00000000 00000101 
00000001 00000000 00000100 00001000 00110001 00101101 10110011 00000101 
00000001 00000000 00000100 00001100 00110010 00101101 11000101 11111111 
11111111 00000000 00000000 00001000 00000001 00000000 00000100 00001000 
00110011 00101101 10110011 00001000 00000001 00000000 00000100 00001100 
00110100 00101101 11000101 11111111 11111111 00000000 00000000 00000101 
00000001 00000000 00000100 00001000 00110101 00101101 10110011 00000101 
00000001 00000000 00000100 00001100 00110110 00101101 11000101 11111111 
11111111 00000000 00000000 00001000 00000001 00000000 00000100 00001000 
00110111 00101101 10110011 00001000 00000001 00000000 00000100 00001100 
00111000 00101101 11000101 11111111 11111111 00000000 00000000 00000101 
00000001 00000000 00000100 00001000 00111001 00101101 10110011 00000101 
00000001 00000000 00000100 00001100 00111010 00101101 11000101 11111111 
11111111 00000000 00000000 00001000 00000001 00000000 00000100 00001000 
00111011 00101101 10110011 00001000 00000001 00000000 00000100 00001100 
00111100 00101101 11000101 11111111 11111111 00000000 00000000 00000101 
00000001 00000000 00000100 00001000 00111101 00101101 10110011 00000101 
00000001 00000000 00000100 00001100 00111110 00101101 11000101 11111111 
11111111 00000000 00000000 00001000 00000001 00000000 00000100 00001000 
00111111 00101101 10110011 00001000 00000001 00000000 00000100 00001100 
01000000 00101101 11000101 11111111 11111111 00000000 00000000 00000101 
00000001 00000000 00000100 00001000 01000001 00101101 10110011 00000101 
00000001 00000000 00000100 00001100 01000010 00101101 11000101 11111111 
11111111 00000000 00000000 00001000 00000001 00000000 00000100 00001000 
01000011 00101101 10110011 00001000 00000001 00000000 00000100 00001100 
01000100 00101101 11000101 11111111 11111111 00000000 00000000 00000101 
00000001 00000000 00000100 00001000 01000101 00101101 10110011 00000101 
00000001 00000000 00000100 00001100 01000110 00101101 11000101 11111111 
11111111 00000000 00000000 00001000 00000001 00000000 00000100 00001000 
01000111 00101101 10110011 00001000 00000001 00000000 00000100 00001100 
01001000 00101101 11000101 11111111 11111111 00000000 00000000 00000101 
00000001 00000000 00000100 00001000 01001001 00101101 10110011 00000101 
00000001 00000000 00000100 00001100 01001010 00101101 11000101 11111111 
11111111 00000000 00000000 00001000 00000001 00000000 00000100 00001000 
01001011 00101101 10110011 00001000 00000001 00000000 00000100 00001100 
01001100 00101101 11000101 11111111 11111111 00000000 00000000 00000101 
00000001 00000000 00000100 00001000 01001101 00101101 10110011 00000101 
00000001 00000000 00000100 00001100 01001110 00101101 11000101 11111111 
11111111 00000000 00000000 00001000 00000001 00000000 00000100 00001000 
01001111 00101101 10110011 00001000 00000001 00000000 00000100 00001100 
01010000 00101101 11000101 11111111 11111111 00000000 00000000 00000101 
00000001 00000000 00000100 00001000 01010001 00101101 10110011 00000101 
00000001 00000000 00000100 00001100 01010010 00101101 11000101 11111111 
11111111 00000000 00000000 00001000 00000001 00000000 00000100 00001000 
01010011 00101101 10110011 00001000 00000001 00000000 00000100 00001100 
01010100 00101101 11000101 11111111 11111111 00000000 00000000 00000101 
00000001 00000000 00000100 00001000 01010101 00101101 10110011 00000101 
00000001 00000000 00000100 00001100 01010110 00101101 11000101 11111111 
11111111 00000000 00000000 00001000 00000001 00000000 00000100 00001000 
01010111 00101101 10110011 00001000 00000001 00000000 00000100 00001100 
01011000 00101101 11000101 11111111 11111111 00000000 00000000 00000101 
00000001 00000000 00000100 00001000 01011001 00101101 10110011 00000101 
00000001 00000000 00000100 00001100 01011010 00101101 11000101 11111111 
11111111 00000000 00000000 00001000 00000001 00000000 00000100 00001000 
01011011 00101101 10110011 00001000 00000001 00000000 00000100 00001100 
01011100 00101101 11000101 11111111 11111111 00000000 00000000 00000101 
00000001 00000000 00000100 00001000 01011101 00101101 10110011 00000101 
00000001 00000000 00000100 00001100 01011110 00101101 11000101 11111111 
11111111 00000000 00000000 00001000 00000001 00000000 00000100 00001000 
01011111 00101101 10110011 00001000 00000001 00000000 00000100 00001100 
01100000 00101101 11000101 11111111 11111111 00000000 00000000 00000101 
00000001 00000000 00000100 00001000 01100001 00101101 10110011 00000101 
00000001 00000000 00000100 00001100 01100010 00101101 11000101 11111111 
11111111 00000000 00000000 00001000 00000001 00000000 00000100 00001000 
01100011 00101101 10110011 00001000 00000001 00000000 00000100 00001100 
01100100 00101101 11000101 11111111 11111111 00000000 00000000 00000101 
00000001 00000000 00000100 00001000 01100101 00101101 10110011 00000101 
00000001 00000000 00000100 00001100 01100110 00101101 11000101 11111111 
11111111 00000000 00000000 00001000 00000001 00000000 00000100 00001000 
01100111 00101101 10110011 00001000 00000001 00000000 00000100 00001100 
01101000 00101101 11000101 11111111 11111111 00000000 00000000 00000101 
00000001 00000000 00000100 00001000 01101001 00101101 10110011 00000101 
00000001 00000000 00000100 00001100 01101010 00101101 11000101 11111111 
11111111 00000000 00000000 00001000 00000001 00000000 00000100 00001000 
01101011 00101101 10110011 00001000 00000001 00000000 00000100 00001100 
01101100 00101101 11000101 11111111 11111111 00000000 00000000 00000101 
00000001 00000000 00000100 00001000 01101101 00101101 10110011 00000101 
00000001 00000000 00000100 00001100 01101110 00101101 11000101 11111111 
11111111 00000000 00000000 00001000 00000001 00000000 00000100 00001000 
01101111 00101101 10110011 00001000 00000001 00000000 00000100 00001100 
01110000 00101101 11000101 11111111 11111111 00000000 00000000 00000101 
00000001 00000000 00000100 00001000 01110001 00101101 10110011 00000101 
00000001 00000000 00000100 00001100 01110010 00101101 11000101 11111111 
11111111 00000000 00000000 00001000 00000001 00000000 00000100 00001000 
01110011 00101101 10110011 00001000 00000001 00000000 00000100 00001100 
01110100 00101101 11000101 11111111 11111111 00000000 00000000 00000101 
00000001 00000000 00000100 00001000 01110101 00101101 10110011 00000101 
00000001 00000000 00000100 00001100 01110110 00101101 11000101 11111111 
11111111 00000000 00000000 00001000 00000001 00000000 00000100 00001000 
01110111 00101101 10110011 00001000 00000001 00000000 00000100 00001100 
01111000 00101101 11000101 11111111 11111111 00000000 00000000 00000101 
00000001 00000000 00000100 00001000 01111001 00101101 10110011 00000101 
00000001 00000000 00000100 00001100 01111010 00101101 11000101 11111111 
11111111 00000000 00000000 00001000 00000001 00000000 00000100 00001000 
01111011 00101101 10110011 00001000 00000001 00000000 00000100 00001100 
01111100 00101101 11000101 11111111 11111111 00000000 00000000 00000101 
00000001 00000000 00000100 00001000 01111101 00101101 10110011 00000101 
00000001 00000000 00000100 00001100 01111110 00101101 11000101 11111111 
11111111 00000000 00000000 00001000 00000001 00000000 00000100 00001000 
01111111 00101101 10110011 00001000 00000001 00000000 00000100 00001100 
10000000 00101101 11000101 11111111 11111111 00000000 00000000 00000101 
00000001 00000000 00000100 00000000 00000000 00000000 00000000 00000000 
00000000 00000000 00000000 00000000 00000000 00000000 00000000 00000000 
00000000 00001000 10000001 00101101 10110011 00000101 00000001 00000000 
00000100 00001100 10000010 00101101 11000101 11111111 11111111 00000000 
00000000 00001000 00000001 00000000 00000100 00001000 10000011 00101101 
10110011 00001000 00000001 00000000 00000100 00001100 10000100 00101101 
11000101 11111111 11111111 00000000 00000000 00000101 00000001 00000000 
00000100 00001000 10000101 00101101 10110011 00000101 00000001 00000000 
00000100 00001100 10000110 00101101 11000101 11111111 11111111 00000000 
00000000 00001000 00000001 00000000 00000100 00001000 10000111 00101101 
10110011 00001000 00000001 00000000 00000100 00001100 10001000 00101101 
11000101 11111111 11111111 00000000 00000000 00000101 00000001 00000000 
00000100 00001000 10001001 00101101 10110011 00000101 00000001 00000000 
00000100 00001100 10001010 00101101 11000101 11111111 11111111 00000000 
00000000 00001000 00000001 00000000 00000100 00001000 10001011 00101101 
10110011 00001000 00000001 00000000 00000100 00001100 10001100 00101101 
11000101 11111111 11111111 00000000 00000000 00000101 00000001 00000000 
00000100 00001000 10001101 00101101 10110011 00000101 00000001 00000000 
00000100 00001100 10001110 00101101 11000101 11111111 11111111 00000000 
00000000 00001000 00000001 00000000 00000100 00001000 10001111 00101101 
10110011 00001000 00000001 00000000 00000100 00001100 10010000 00101101 
11000101 11111111 11111111 00000000 00000000 00000101 00000001 00000000 
00000100 00001000 10010001 00101101 10110011 00000101 00000001 00000000 
00000100 00001100 10010010 00101101 11000101 11111111 11111111 00000000 
00000000 00001000 00000001 00000000 00000100 00001000 10010011 00101101 
10110011 00001000 00000001 00000000 00000100 00001100 10010100 00101101 
11000101 11111111 11111111 00000000 00000000 00000101 00000001 00000000 
00000100 00001000 10010101 00101101 10110011 00000101 00000001 00000000 
00000100 00001100 10010110 00101101 11000101 11111111 11111111 00000000 
00000000 00001000 00000001 00000000 00000100 00001000 10010111 00101101 
10110011 00001000 00000001 00000000 00000100 00001100 10011000 00101101 
11000101 11111111 11111111 00000000 00000000 00000101 00000001 00000000 
00000100 00001000 10011001 00101101 10110011 00000101 00000001 00000000 
00000100 00001100 10011010 00101101 11000101 11111111 11111111 00000000 
00000000 00001000 00000001 00000000 00000100 00001000 10011011 00101101 
10110011 00001000 00000001 00000000 00000100 00001100 10011100 00101101 
11000101 11111111 11111111 00000000 00000000 00000101 00000001 00000000 
00000100 00001000 10011101 00101101 10110011 00000101 00000001 00000000 
00000100 00001100 10011110 00101101 11000101 11111111 11111111 00000000 
00000000 00001000 00000001 00000000 00000100 00001000 10011111 00101101 
10110011 00001000 00000001 00000000 00000100 00001100 10100000 00101101 
11000101 11111111 11111111 00000000 00000000 00000101 00000001 00000000 
00000100 00001000 10100001 00101101 10110011 00000101 00000001 00000000 
00000100 00001100 10100010 00101101 11000101 11111111 11111111 00000000 
00000000 00001000 00000001 00000000 00000100 00001000 10100011 00101101 
10110011 00001000 00000001 00000000 00000100 00001100 10100100 00101101 
11000101 11111111 11111111 00000000 00000000 00000101 00000001 00000000 
00000100 00001000 10100101 00101101 10110011 00000101 00000001 00000000 
00000100 00001100 10100110 00101101 11000101 11111111 11111111 00000000 
00000000 00001000 00000001 00000000 00000100 00001000 10100111 00101101 
10110011 00001000 00000001 00000000 00000100 00001100 10101000 00101101 
11000101 11111111 11111111 00000000 00000000 00000101 00000001 00000000 
00000100 00001000 10101001 00101101 10110011 00000101 00000001 00000000 
00000100 00001100 10101010 00101101 11000101 11111111 11111111 00000000 
00000000 00001000 00000001 00000000 00000100 00001000 10101011 00101101 
10110011 00001000 00000001 00000000 00000100 00001100 10101100 00101101 
11000101 11111111 11111111 00000000 00000000 00000101 00000001 00000000 
00000100 00001000 10101101 00101101 10110011 00000101 00000001 00000000 
00000100 00001100 10101110 00101101 11000101 11111111 11111111 00000000 
00000000 00001000 00000001 00000000 00000100 00001000 10101111 00101101 
10110011 00001000 00000001 00000000 00000100 00001100 10110000 00101101 
11000101 11111111 11111111 00000000 00000000 00000101 00000001 00000000 
00000100 00001000 10110001 00101101 10110011 00000101 00000001 00000000 
00000100 00001100 10110010 00101101 11000101 11111111 11111111 00000000 
00000000 00001000 00000001 00000000 00000100 00001000 10110011 00101101 
10110011 00001000 00000001 00000000 00000100 00001100 10110100 00101101 
11000101 11111111 11111111 00000000 00000000 00000101 00000001 00000000 
00000100 00001000 10110101 00101101 10110011 00000101 00000001 00000000 
00000100 00001100 10110110 00101101 11000101 11111111 11111111 00000000 
00000000 00001000 00000001 00000000 00000100 00001000 10110111 00101101 
10110011 00001000 00000001 00000000 00000100 00001100 10111000 00101101 
11000101 11111111 11111111 00000000 00000000 00000101 00000001 00000000 
00000100 00001000 10111001 00101101 10110011 00000101 00000001 00000000 
00000100 00001100 10111010 00101101 11000101 11111111 11111111 00000000 
00000000 00001000 00000001 00000000 00000100 00001000 10111011 00101101 
10110011 00001000 00000001 00000000 00000100 00001100 10111100 00101101 
11000101 11111111 11111111 00000000 00000000 00000101 00000001 00000000 
00000100 00001000 10111101 00101101 10110011 00000101 00000001 00000000 
00000100 00001100 10111110 00101101 11000101 11111111 11111111 00000000 
00000000 00001000 00000001 00000000 00000100 00001000 10111111 00101101 
10110011 00001000 00000001 00000000 00000100 00001100 11000000 00101101 
11000101 11111111 11111111 00000000 00000000 00000101 00000001 00000000 
00000100 00001000 11000001 00101101 10110011 00000101 00000001 00000000 
00000100 00001100 11000010 00101101 11000101 11111111 11111111 00000000 
00000000 00001000 00000001 00000000 00000100 00001000 11000011 00101101 
10110011 00001000 00000001 00000000 00000100 00001100 11000100 00101101 
11000101 11111111 11111111 00000000 00000000 00000101 00000001 00000000 
00000100 00001000 11000101 00101101 10110011 00000101 00000001 00000000 
00000100 00001100 11000110 00101101 11000101 11111111 11111111 00000000 
00000000 00001000 00000001 00000000 00000100 00001000 11000111 00101101 
10110011 00001000 00000001 00000000 00000100 00001100 11001000 00101101 
11000101 11111111 11111111 00000000 00000000 00000101 00000001 00000000 
00000100 00001000 11001001 00101101 10110011 00000101 00000001 00000000 
00000100 00001100 11001010 00101101 11000101 11111111 11111111 00000000 
00000000 00001000 00000001 00000000 00000100 00001000 11001011 00101101 
10110011 00001000 00000001 00000000 00000100 00001100 11001100 00101101 
11000101 11111111 11111111 00000000 00000000 00000101 00000001 00000000 
00000100 00001000 11001101 00101101 10110011 00000101 00000001 00000000 
00000100 00001100 11001110 00101101 11000101 11111111 11111111 00000000 
00000000 00001000 00000001 00000000 00000100 00001000 11001111 00101101 
10110011 00001000 00000001 00000000 00000100 00001100 11010000 00101101 
11000101 11111111 11111111 00000000 00000000 00000101 00000001 00000000 
00000100 00001000 11010001 00101101 10110011 00000101 00000001 00000000 
00000100 00001100 11010010 00101101 11000101 11111111 11111111 00000000 
00000000 00001000 00000001 00000000 00000100 00001000 11010011 00101101 
10110011 00001000 00000001 00000000 00000100 00001100 11010100 00101101 
11000101 11111111 11111111 00000000 00000000 00000101 00000001 00000000 
00000100 00001000 11010101 00101101 10110011 00000101 00000001 00000000 
00000100 00001100 11010110 00101101 11000101 11111111 11111111 00000000 
00000000 00001000 00000001 00000000 00000100 00001000 11010111 00101101 
10110011 00001000 00000001 00000000 00000100 00001100 11011000 00101101 
11000101 11111111 11111111 00000000 00000000 00000101 00000001 00000000 
00000100 00001000 11011001 00101101 10110011 00000101 00000001 00000000 
00000100 00001100 11011010 00101101 11000101 11111111 11111111 00000000 
00000000 00001000 00000001 00000000 00000100 00001000 11011011 00101101 
10110011 00001000 00000001 00000000 00000100 00001100 11011100 00101101 
11000101 11111111 11111111 00000000 00000000 00000101 00000001 00000000 
00000100 00001000 11011101 00101101 10110011 00000101 00000001 00000000 
00000100 00001100 11011110 00101101 11000101 11111111 11111111 00000000 
00000000 00001000 00000001 00000000 00000100 00001000 11011111 00101101 
10110011 00001000 00000001 00000000 00000100 00001100 11100000 00101101 
11000101 11111111 11111111 00000000 00000000 00000101 00000001 00000000 
00000100 00001000 11100001 00101101 10110011 00000101 00000001 00000000 
00000100 00001100 11100010 00101101 11000101 11111111 11111111 00000000 
00000000 00001000 00000001 00000000 00000100 00001000 11100011 00101101 
10110011 00001000 00000001 00000000 00000100 00001100 11100100 00101101 
11000101 11111111 11111111 00000000 00000000 00000101 00000001 00000000 
00000100 00001000 11100101 00101101 10110011 00000101 00000001 00000000 
00000100 00001100 11100110 00101101 11000101 11111111 11111111 00000000 
00000000 00001000 00000001 00000000 00000100 00001000 11100111 00101101 
10110011 00001000 00000001 00000000 00000100 00001100 11101000 00101101 
11000101 11111111 11111111 00000000 00000000 00000101 00000001 00000000 
00000100 00001000 11101001 00101101 10110011 00000101 00000001 00000000 
00000100 00001100 11101010 00101101 11000101 11111111 11111111 00000000 
00000000 00001000 00000001 00000000 00000100 00001000 11101011 00101101 
10110011 00001000 00000001 00000000 00000100 00001100 11101100 00101101 
11000101 11111111 11111111 00000000 00000000 00000101 00000001 00000000 
00000100 00001000 11101101 00101101 10110011 00000101 00000001 00000000 
00000100 00001100 11101110 00101101 11000101 11111111 11111111 00000000 
00000000 00001000 00000001 00000000 00000100 00001000 11101111 00101101 
10110011 00001000 00000001 00000000 00000100 00001100 11110000 00101101 
11000101 11111111 11111111 00000000 00000000 00000101 00000001 00000000 
00000100 00001000 11110001 00101101 10110011 00000101 00000001 00000000 
00000100 00001100 11110010 00101101 11000101 11111111 11111111 00000000 
00000000 00001000 00000001 00000000 00000100 00001000 11110011 00101101 
10110011 00001000 00000001 00000000 00000100 00001100 11110100 00101101 
11000101 11111111 11111111 00000000 00000000 00000101 00000001 00000000 
00000100 00001000 11110101 00101101 10110011 00000101 00000001 00000000 
00000100 00001100 11110110 00101101 11000101 11111111 11111111 00000000 
00000000 00001000 00000001 00000000 00000100 00001000 11110111 00101101 
10110011 00001000 00000001 00000000 00000100 00001100 11111000 00101101 
11000101 11111111 11111111 00000000 00000000 00000101 00000001 00000000 
00000100 00001000 11111001 00101101 10110011 00000101 00000001 00000000 
00000100 00001100 11111010 00101101 11000101 11111111 11111111 00000000 
00000000 00001000 00000001 00000000 00000100 00001000 11111011 00101101 
10110011 00001000 00000001 00000000 00000100 00001100 11111100 00101101 
11000101 11111111 11111111 00000000 00000000 00000101 00000001 00000000 
00000100 00001000 11111101 00101101 10110011 00000101 00000001 00000000 
00000100 00001100 11111110 00101101 11000101 11111111 11111111 00000000 
00000000 00001000 00000001 00000000 00000100 00001000 11111111 00101101 
10110011 00001000 00000001 00000000 00000100 00001100 00000000 00101110 
11000101 11111111 11111111 00000000 00000000 00000101 00000001 00000000 
00000100 00000000 00000000 00000000 00000000 00000000 00000000 00000000 
00000000 00000000 00000000 00000000 00000000 00000000 00000000 00001000 
00000001 00101110 10110011 00000101 00000001 00000000 00000100 00001100 
00000010 00101110 11000101 11111111 11111111 00000000 00000000 00001000 
00000001 00000000 00000100 00001000 00000011 00101110 10110011 00001000 
00000001 00000000 00000100 00001100 00000100 00101110 11000101 11111111 
11111111 00000000 00000000 00000101 00000001 00000000 00000100 00001000 
00000101 00101110 10110011 00000101 00000001 00000000 00000100 00001100 
00000110 00101110 11000101 11111111 11111111 00000000 00000000 00001000 
00000001 00000000 00000100 00001000 00000111 00101110 10110011 00001000 
00000001 00000000 00000100 00001100 00001000 00101110 11000101 11111111 
11111111 00000000 00000000 00000101 00000001 00000000 00000100 00001000 
00001001 00101110 10110011 00000101 00000001 00000000 00000100 00001100 
00001010 00101110 11000101 11111111 11111111 00000000 00000000 00001000 
00000001 00000000 00000100 00001000 00001011 00101110 10110011 00001000 
00000001 00000000 00000100 00001100 00001100 00101110 11000101 11111111 
11111111 00000000 00000000 00000101 00000001 00000000 00000100 00001000 
00001101 00101110 10110011 00000101 00000001 00000000 00000100 00001100 
00001110 00101110 11000101 11111111 11111111 00000000 00000000 00001000 
00000001 00000000 00000100 00001000 00001111 00101110 10110011 00001000 
00000001 00000000 00000100 00001100 00010000 00101110 11000101 11111111 
11111111 00000000 00000000 00000101 00000001 00000000 00000100 00001000 
00010001 00101110 10110011 00000101 00000001 00000000 00000100 00001100 
00010010 00101110 11000101 11111111 11111111 00000000 00000000 00001000 
00000001 00000000 00000100 00001000 00010011 00101110 10110011 00001000 
00000001 00000000 00000100 00001100 00010100 00101110 11000101 11111111 
11111111 00000000 00000000 00000101 00000001 00000000 00000100 00001000 
00010101 00101110 10110011 00000101 00000001 00000000 00000100 00001100 
00010110 00101110 11000101 11111111 11111111 00000000 00000000 00001000 
00000001 00000000 00000100 00001000 00010111 00101110 10110011 00001000 
00000001 00000000 00000100 00001100 00011000 00101110 11000101 11111111 
11111111 00000000 00000000 00000101 00000001 00000000 00000100 00001000 
00011001 00101110 10110011 00000101 00000001 00000000 00000100 00001100 
00011010 00101110 11000101 11111111 11111111 00000000 00000000 00001000 
00000001 00000000 00000100 00001000 00011011 00101110 10110011 00001000 
00000001 00000000 00000100 00001100 00011100 00101110 11000101 11111111 
11111111 00000000 00000000 00000101 00000001 00000000 00000100 00001000 
00011101 00101110 10110011 00000101 00000001 00000000 00000100 00001100 
00011110 00101110 11000101 11111111 11111111 00000000 00000000 00001000 
00000001 00000000 00000100 00001000 00011111 00101110 10110011 00001000 
00000001 00000000 00000100 00001100 00100000 00101110 11000101 11111111 
11111111 00000000 00000000 00000101 00000001 00000000 00000100 00001000 
00100001 00101110 10110011 00000101 00000001 00000000 00000100 00001100 
00100010 00101110 11000101 11111111 11111111 00000000 00000000 00001000 
00000001 00000000 00000100 00001000 00100011 00101110 10110011 00001000 
00000001 00000000 00000100 00001100 00100100 00101110 11000101 11111111 
11111111 00000000 00000000 00000101 00000001 00000000 00000100 00001000 
00100101 00101110 10110011 00000101 00000001 00000000 00000100 00001100 
00100110 00101110 11000101 11111111 11111111 00000000 00000000 00001000 
00000001 00000000 00000100 00001000 00100111 00101110 10110011 00001000 
00000001 00000000 00000100 00001100 00101000 00101110 11000101 11111111 
11111111 00000000 00000000 00000101 00000001 00000000 00000100 00001000 
00101001 00101110 10110011 00000101 00000001 00000000 00000100 00001100 
00101010 00101110 11000101 11111111 11111111 00000000 00000000 00001000 
00000001 00000000 00000100 00001000 00101011 00101110 10110011 00001000 
00000001 00000000 00000100 00001100 00101100 00101110 11000101 11111111 
11111111 00000000 00000000 00000101 00000001 00000000 00000100 00001000 
00101101 00101110 10110011 00000101 00000001 00000000 00000100 00001100 
00101110 00101110 11000101 11111111 11111111 00000000 00000000 00001000 
00000001 00000000 00000100 00001000 00101111 00101110 10110011 00001000 
00000001 00000000 00000100 00001100 00110000 00101110 11000101 11111111 
11111111 00000000 00000000 00000101 00000001 00000000 00000100 00001000 
00110001 00101110 10110011 00000101 00000001 00000000 00000100 00001100 
00110010 00101110 11000101 11111111 11111111 00000000 00000000 00001000 
00000001 00000000 00000100 00001000 00110011 00101110 10110011 00001000 
00000001 00000000 00000100 00001100 00110100 00101110 11000101 11111111 
11111111 00000000 00000000 00000101 00000001 00000000 00000100 00001000 
00110101 00101110 10110011 00000101 00000001 00000000 00000100 00001100 
00110110 00101110 11000101 11111111 11111111 00000000 00000000 00001000 
00000001 00000000 00000100 00001000 00110111 00101110 10110011 00001000 
00000001 00000000 00000100 00001100 00111000 00101110 11000101 11111111 
11111111 00000000 00000000 00000101 00000001 00000000 00000100 00001000 
00111001 00101110 10110011 00000101 00000001 00000000 00000100 00001100 
00111010 00101110 11000101 11111111 11111111 00000000 00000000 00001000 
00000001 00000000 00000100 00001000 00111011 00101110 10110011 00001000 
00000001 00000000 00000100 00001100 00111100 00101110 11000101 11111111 
11111111 00000000 00000000 00000101 00000001 00000000 00000100 00001000 
00111101 00101110 10110011 00000101 00000001 00000000 00000100 00001100 
00111110 00101110 11000101 11111111 11111111 00000000 00000000 00001000 
00000001 00000000 00000100 00001000 00111111 00101110 10110011 00001000 
00000001 00000000 00000100 00001100 01000000 00101110 11000101 11111111 
11111111 00000000 00000000 00000101 00000001 00000000 00000100 00001000 
01000001 00101110 10110011 00000101 00000001 00000000 00000100 00001100 
01000010 00101110 11000101 11111111 11111111 00000000 00000000 00001000 
00000001 00000000 00000100 00001000 01000011 00101110 10110011 00001000 
00000001 00000000 00000100 00001100 01000100 00101110 11000101 11111111 
11111111 00000000 00000000 00000101 00000001 00000000 00000100 00001000 
01000101 00101110 10110011 00000101 00000001 00000000 00000100 00001100 
01000110 00101110 11000101 11111111 11111111 00000000 00000000 00001000 
00000001 00000000 00000100 00001000 01000111 00101110 10110011 00001000 
00000001 00000000 00000100 00001100 01001000 00101110 11000101 11111111 
11111111 00000000 00000000 00000101 00000001 00000000 00000100 00001000 
01001001 00101110 10110011 00000101 00000001 00000000 00000100 00001100 
01001010 00101110 11000101 11111111 11111111 00000000 00000000 00001000 
00000001 00000000 00000100 00001000 01001011 00101110 10110011 00001000 
00000001 00000000 00000100 00001100 01001100 00101110 11000101 11111111 
11111111 00000000 00000000 00000101 00000001 00000000 00000100 00001000 
01001101 00101110 10110011 00000101 00000001 00000000 00000100 00001100 
01001110 00101110 11000101 11111111 11111111 00000000 00000000 00001000 
00000001 00000000 00000100 00001000 01001111 00101110 10110011 00001000 
00000001 00000000 00000100 00001100 01010000 00101110 11000101 11111111 
11111111 00000000 00000000 00000101 00000001 00000000 00000100 00001000 
01010001 00101110 10110011 00000101 00000001 00000000 00000100 00001100 
01010010 00101110 11000101 11111111 11111111 00000000 00000000 00001000 
00000001 00000000 00000100 00001000 01010011 00101110 10110011 00001000 
00000001 00000000 00000100 00001100 01010100 00101110 11000101 11111111 
11111111 00000000 00000000 00000101 00000001 00000000 00000100 00001000 
01010101 00101110 10110011 00000101 00000001 00000000 00000100 00001100 
01010110 00101110 11000101 11111111 11111111 00000000 00000000 00001000 
00000001 00000000 00000100 00001000 01010111 00101110 10110011 00001000 
00000001 00000000 00000100 00001100 01011000 00101110 11000101 11111111 
11111111 00000000 00000000 00000101 00000001 00000000 00000100 00001000 
01011001 00101110 10110011 00000101 00000001 00000000 00000100 00001100 
01011010 00101110 11000101 11111111 11111111 00000000 00000000 00001000 
00000001 00000000 00000100 00001000 01011011 00101110 10110011 00001000 
00000001 00000000 00000100 00001100 01011100 00101110 11000101 11111111 
11111111 00000000 00000000 00000101 00000001 00000000 00000100 00001000 
01011101 00101110 10110011 00000101 00000001 00000000 00000100 00001100 
01011110 00101110 11000101 11111111 11111111 00000000 00000000 00001000 
00000001 00000000 00000100 00001000 01011111 00101110 10110011 00001000 
00000001 00000000 00000100 00001100 01100000 00101110 11000101 11111111 
11111111 00000000 00000000 00000101 00000001 00000000 00000100 00001000 
01100001 00101110 10110011 00000101 00000001 00000000 00000100 00001100 
01100010 00101110 11000101 11111111 11111111 00000000 00000000 00001000 
00000001 00000000 00000100 00001000 01100011 00101110 10110011 00001000 
00000001 00000000 00000100 00001100 01100100 00101110 11000101 11111111 
11111111 00000000 00000000 00000101 00000001 00000000 00000100 00001000 
01100101 00101110 10110011 00000101 00000001 00000000 00000100 00001100 
01100110 00101110 11000101 11111111 11111111 00000000 00000000 00001000 
00000001 00000000 00000100 00001000 01100111 00101110 10110011 00001000 
00000001 00000000 00000100 00001100 01101000 00101110 11000101 11111111 
11111111 00000000 00000000 00000101 00000001 00000000 00000100 00001000 
01101001 00101110 10110011 00000101 00000001 00000000 00000100 00001100 
01101010 00101110 11000101 11111111 11111111 00000000 00000000 00001000 
00000001 00000000 00000100 00001000 01101011 00101110 10110011 00001000 
00000001 00000000 00000100 00001100 01101100 00101110 11000101 11111111 
11111111 00000000 00000000 00000101 00000001 00000000 00000100 00001000 
01101101 00101110 10110011 00000101 00000001 00000000 00000100 00001100 
01101110 00101110 11000101 11111111 11111111 00000000 00000000 00001000 
00000001 00000000 00000100 00001000 01101111 00101110 10110011 00001000 
00000001 00000000 00000100 00001100 01110000 00101110 11000101 11111111 
11111111 00000000 00000000 00000101 00000001 00000000 00000100 00001000 
01110001 00101110 10110011 00000101 00000001 00000000 00000100 00001100 
01110010 00101110 11000101 11111111 11111111 00000000 00000000 00001000 
00000001 00000000 00000100 00001000 01110011 00101110 10110011 00001000 
00000001 00000000 00000100 00001100 01110100 00101110 11000101 11111111 
11111111 00000000 00000000 00000101 00000001 00000000 00000100 00001000 
01110101 00101110 10110011 00000101 00000001 00000000 00000100 00001100 
01110110 00101110 11000101 11111111 11111111 00000000 00000000 00001000 
00000001 00000000 00000100 00001000 01110111 00101110 10110011 00001000 
00000001 00000000 00000100 00001100 01111000 00101110 11000101 11111111 
11111111 00000000 00000000 00000101 00000001 00000000 00000100 00001000 
01111001 00101110 10110011 00000101 00000001 00000000 00000100 00001100 
01111010 00101110 11000101 11111111 11111111 00000000 00000000 00001000 
00000001 00000000 00000100 00001000 01111011 00101110 10110011 00001000 
00000001 00000000 00000100 00001100 01111100 00101110 11000101 11111111 
11111111 00000000 00000000 00000101 00000001 00000000 00000100 00001000 
01111101 00101110 10110011 00000101 00000001 00000000 00000100 00001100 
01111110 00101110 11000101 11111111 11111111 00000000 00000000 00001000 
00000001 00000000 00000100 00001000 01111111 00101110 10110011 00001000 
00000001 00000000 00000100 00001100 10000000 00101110 11000101 11111111 
11111111 00000000 00000000 00000101 00000001 00000000 00000100 00000000 
00000000 00000000 00000000 00000000 00000000 00000000 00000000 00000000 
00000000 00000000 00000000 00000000 00000000 00001000 10000001 00101110 
10110011 00000101 00000001 00000000 00000100 00001100 10000010 00101110 
11000101 11111111 11111111 00000000 00000000 00001000 00000001 00000000 
00000100 00001000 10000011 00101110 10110011 00001000 00000001 00000000 
00000100 00001100 10000100 00101110 11000101 11111111 11111111 00000000 
00000000 00000101 00000001 00000000 00000100 00001000 10000101 00101110 
10110011 00000101 00000001 00000000 00000100 00001100 10000110 00101110 
11000101 11111111 11111111 00000000 00000000 00001000 00000001 00000000 
00000100 00001000 10000111 00101110 10110011 00001000 00000001 00000000 
00000100 00001100 10001000 00101110 11000101 11111111 11111111 00000000 
00000000 00000101 00000001 00000000 00000100 00001000 10001001 00101110 
10110011 00000101 00000001 00000000 00000100 00001100 10001010 00101110 
11000101 11111111 11111111 00000000 00000000 00001000 00000001 00000000 
00000100 00001000 10001011 00101110 10110011 00001000 00000001 00000000 
00000100 00001100 10001100 00101110 11000101 11111111 11111111 00000000 
00000000 00000101 00000001 00000000 00000100 00001000 10001101 00101110 
10110011 00000101 00000001 00000000 00000100 00001100 10001110 00101110 
11000101 11111111 11111111 00000000 00000000 00001000 00000001 00000000 
00000100 00001000 10001111 00101110 10110011 00001000 00000001 00000000 
00000100 00001100 10010000 00101110 11000101 11111111 11111111 00000000 
00000000 00000101 00000001 00000000 00000100 00001000 10010001 00101110 
10110011 00000101 00000001 00000000 00000100 00001100 10010010 00101110 
11000101 11111111 11111111 00000000 00000000 00001000 00000001 00000000 
00000100 00001000 10010011 00101110 10110011 00001000 00000001 00000000 
00000100 00001100 10010100 00101110 11000101 11111111 11111111 00000000 
00000000 00000101 00000001 00000000 00000100 00001000 10010101 00101110 
10110011 00000101 00000001 00000000 00000100 00001100 10010110 00101110 
11000101 11111111 11111111 00000000 00000000 00001000 00000001 00000000 
00000100 00001000 10010111 00101110 10110011 00001000 00000001 00000000 
00000100 00001100 10011000 00101110 11000101 11111111 11111111 00000000 
00000000 00000101 00000001 00000000 00000100 00001000 10011001 00101110 
10110011 00000101 00000001 00000000 00000100 00001100 10011010 00101110 
11000101 11111111 11111111 00000000 00000000 00001000 00000001 00000000 
00000100 00001000 10011011 00101110 10110011 00001000 00000001 00000000 
00000100 00001100 10011100 00101110 11000101 11111111 11111111 00000000 
00000000 00000101 00000001 00000000 00000100 00001000 10011101 00101110 
10110011 00000101 00000001 00000000 00000100 00001100 10011110 00101110 
11000101 11111111 11111111 00000000 00000000 00001000 00000001 00000000 
00000100 00001000 10011111 00101110 10110011 00001000 00000001 00000000 
00000100 00001100 10100000 00101110 11000101 11111111 11111111 00000000 
00000000 00000101 00000001 00000000 00000100 00001000 10100001 00101110 
10110011 00000101 00000001 00000000 00000100 00001100 10100010 00101110 
11000101 11111111 11111111 00000000 00000000 00001000 00000001 00000000 
00000100 00001000 10100011 00101110 10110011 00001000 00000001 00000000 
00000100 00001100 10100100 00101110 11000101 11111111 11111111 00000000 
00000000 00000101 00000001 00000000 00000100 00001000 10100101 00101110 
10110011 00000101 00000001 00000000 00000100 00001100 10100110 00101110 
11000101 11111111 11111111 00000000 00000000 00001000 00000001 00000000 
00000100 00001000 10100111 00101110 10110011 00001000 00000001 00000000 
00000100 00001100 10101000 00101110 11000101 11111111 11111111 00000000 
00000000 00000101 00000001 00000000 00000100 00001000 10101001 00101110 
10110011 00000101 00000001 00000000 00000100 00001100 10101010 00101110 
11000101 11111111 11111111 00000000 00000000 00001000 00000001 00000000 
00000100 00001000 10101011 00101110 10110011 00001000 00000001 00000000 
00000100 00001100 10101100 00101110 11000101 11111111 11111111 00000000 
00000000 00000101 00000001 00000000 00000100 00001000 10101101 00101110 
10110011 00000101 00000001 00000000 00000100 00001100 10101110 00101110 
11000101 11111111 11111111 00000000 00000000 00001000 00000001 00000000 
00000100 00001000 10101111 00101110 10110011 00001000 00000001 00000000 
00000100 00001100 10110000 00101110 11000101 11111111 11111111 00000000 
00000000 00000101 00000001 00000000 00000100 00001000 10110001 00101110 
10110011 00000101 00000001 00000000 00000100 00001100 10110010 00101110 
11000101 11111111 11111111 00000000 00000000 00001000 00000001 00000000 
00000100 00001000 10110011 00101110 10110011 00001000 00000001 00000000 
00000100 00001100 10110100 00101110 11000101 11111111 11111111 00000000 
00000000 00000101 00000001 00000000 00000100 00001000 10110101 00101110 
10110011 00000101 00000001 00000000 00000100 00001100 10110110 00101110 
11000101 11111111 11111111 00000000 00000000 00001000 00000001 00000000 
00000100 00001000 10110111 00101110 10110011 00001000 00000001 00000000 
00000100 00001100 10111000 00101110 11000101 11111111 11111111 00000000 
00000000 00000101 00000001 00000000 00000100 00001000 10111001 00101110 
10110011 00000101 00000001 00000000 00000100 00001100 10111010 00101110 
11000101 11111111 11111111 00000000 00000000 00001000 00000001 00000000 
00000100 00001000 10111011 00101110 10110011 00001000 00000001 00000000 
00000100 00001100 10111100 00101110 11000101 11111111 11111111 00000000 
00000000 00000101 00000001 00000000 00000100 00001000 10111101 00101110 
10110011 00000101 00000001 00000000 00000100 00001100 10111110 00101110 
11000101 11111111 11111111 00000000 00000000 00001000 00000001 00000000 
00000100 00001000 10111111 00101110 10110011 00001000 00000001 00000000 
00000100 00001100 11000000 00101110 11000101 11111111 11111111 00000000 
00000000 00000101 00000001 00000000 00000100 00001000 11000001 00101110 
10110011 00000101 00000001 00000000 00000100 00001100 11000010 00101110 
11000101 11111111 11111111 00000000 00000000 00001000 00000001 00000000 
00000100 00001000 11000011 00101110 10110011 00001000 00000001 00000000 
00000100 00001100 11000100 00101110 11000101 11111111 11111111 00000000 
00000000 00000101 00000001 00000000 00000100 00001000 11000101 00101110 
10110011 00000101 00000001 00000000 00000100 00001100 11000110 00101110 
11000101 11111111 11111111 00000000 00000000 00001000 00000001 00000000 
00000100 00001000 11000111 00101110 10110011 00001000 00000001 00000000 
00000100 00001100 11001000 00101110 11000101 11111111 11111111 00000000 
00000000 00000101 00000001 00000000 00000100 00001000 11001001 00101110 
10110011 00000101 00000001 00000000 00000100 00001100 11001010 00101110 
11000101 11111111 11111111 00000000 00000000 00001000 00000001 00000000 
00000100 00001000 11001011 00101110 10110011 00001000 00000001 00000000 
00000100 00001100 11001100 00101110 11000101 11111111 11111111 00000000 
00000000 00000101 00000001 00000000 00000100 00001000 11001101 00101110 
10110011 00000101 00000001 00000000 00000100 00001100 11001110 00101110 
11000101 11111111 11111111 00000000 00000000 00001000 00000001 00000000 
00000100 00001000 11001111 00101110 10110011 00001000 00000001 00000000 
00000100 00001100 11010000 00101110 11000101 11111111 11111111 00000000 
00000000 00000101 00000001 00000000 00000100 00001000 11010001 00101110 
10110011 00000101 00000001 00000000 00000100 00001100 11010010 00101110 
11000101 11111111 11111111 00000000 00000000 00001000 00000001 00000000 
00000100 00001000 11010011 00101110 10110011 00001000 00000001 00000000 
00000100 00001100 11010100 00101110 11000101 11111111 11111111 00000000 
00000000 00000101 00000001 00000000 00000100 00001000 11010101 00101110 
10110011 00000101 00000001 00000000 00000100 00001100 11010110 00101110 
11000101 11111111 11111111 00000000 00000000 00001000 00000001 00000000 
00000100 00001000 11010111 00101110 10110011 00001000 00000001 00000000 
00000100 00001100 11011000 00101110 11000101 11111111 11111111 00000000 
00000000 00000101 00000001 00000000 00000100 00001000 11011001 00101110 
10110011 00000101 00000001 00000000 00000100 00001100 11011010 00101110 
11000101 11111111 11111111 00000000 00000000 00001000 00000001 00000000 
00000100 00001000 11011011 00101110 10110011 00001000 00000001 00000000 
00000100 00001100 11011100 00101110 11000101 11111111 11111111 00000000 
00000000 00000101 00000001 00000000 00000100 00001000 11011101 00101110 
10110011 00000101 00000001 00000000 00000100 00001100 11011110 00101110 
11000101 11111111 11111111 00000000 00000000 00001000 00000001 00000000 
00000100 00001000 11011111 00101110 10110011 00001000 00000001 00000000 
00000100 00001100 11100000 00101110 11000101 11111111 11111111 00000000 
00000000 00000101 00000001 00000000 00000100 00001000 11100001 00101110 
10110011 00000101 00000001 00000000 00000100 00001100 11100010 00101110 
11000101 11111111 11111111 00000000 00000000 00001000 00000001 00000000 
00000100 00001000 11100011 00101110 10110011 00001000 00000001 00000000 
00000100 00001100 11100100 00101110 11000101 11111111 11111111 00000000 
00000000 00000101 00000001 00000000 00000100 00001000 11100101 00101110 
10110011 00000101 00000001 00000000 00000100 00001100 11100110 00101110 
11000101 11111111 11111111 00000000 00000000 00001000 00000001 00000000 
00000100 00001000 11100111 00101110 10110011 00001000 00000001 00000000 
00000100 00001100 11101000 00101110 11000101 11111111 11111111 00000000 
00000000 00000101 00000001 00000000 00000100 00001000 11101001 00101110 
10110011 00000101 00000001 00000000 00000100 00001100 11101010 00101110 
11000101 11111111 11111111 00000000 00000000 00001000 00000001 00000000 
00000100 00001000 11101011 00101110 10110011 00001000 00000001 00000000 
00000100 00001100 11101100 00101110 11000101 11111111 11111111 00000000 
00000000 00000101 00000001 00000000 00000100 00001000 11101101 00101110 
10110011 00000101 00000001 00000000 00000100 00001010 11101110 00101110 
10111101 11111111 10111111 00000110 00000001 00000000 00000100 00001000 
11101111 00101110 00110011 00000111 00000001 00000000 00000100 00001100 
11110000 00101110 11000101 11111111 11111111 00000000 10000000 00001001 
00000001 00000000 00000100 00001000 11110001 00101110 00110011 00001010 
00000001 00000000 00000100 00001100 11110010 00101110 11000001 11111111 
01111111 00000000 10000000 00000110 00000001 00000000 00000100 00001000 
11110011 00101110 00110011 00000111 00000001 00000000 00000100 00001100 
11110100 00101110 11000101 11111111 11111111 00000000 10000000 00001001 
00000001 00000000 00000100 00001000 11110101 00101110 00110011 00001010 
00000001 00000000 00000100 00001100 11110110 00101110 11000001 11111111 
01111111 00000000 10000000 00000110 00000001 00000000 00000100 00001000 
11110111 00101110 00110011 00000111 00000001 00000000 00000100 00001100 
11111000 00101110 11000101 11111111 11111111 00000000 10000000 00001001 
00000001 00000000 00000100 00001000 11111001 00101110 00110011 00001010 
00000001 00000000 00000100 00001100 11111010 00101110 11000001 11111111 
01111111 00000000 10000000 00000110 00000001 00000000 00000100 00001000 
11111011 00101110 00110011 00000111 00000001 00000000 00000100 00001100 
11111100 00101110 11000101 11111111 11111111 00000000 10000000 00001001 
00000001 00000000 00000100 00001000 11111101 00101110 00110011 00001010 
00000001 00000000 00000100 00001100 11111110 00101110 11000001 11111111 
01111111 00000000 10000000 00000110 00000001 00000000 00000100 00001000 
11111111 00101110 00110011 00000111 00000001 00000000 00000100 00001100 
00000000 00101111 11000101 11111111 11111111 00000000 10000000 00001001 
00000001 00000000 00000100 00000000 00000000 00000000 00000000 00000000 
00000000 00000000 00000000 00000000 00000000 00000000 00000000 00000000 
00000000 00001000 00000001 00101111 00110011 00001010 00000001 00000000 
00000100 00001100 00000010 00101111 11000001 11111111 01111111 00000000 
10000000 00000110 00000001 00000000 00000100 00001000 00000011 00101111 
00110011 00000111 00000001 00000000 00000100 00001100 00000100 00101111 
11000101 11111111 11111111 00000000 10000000 00001001 00000001 00000000 
00000100 00001000 00000101 00101111 00110011 00001010 00000001 00000000 
00000100 00001100 00000110 00101111 11000001 11111111 01111111 00000000 
10000000 00000110 00000001 00000000 00000100 00001000 00000111 00101111 
00110011 00000111 00000001 00000000 00000100 00001100 00001000 00101111 
11000101 11111111 11111111 00000000 10000000 00001001 00000001 00000000 
00000100 00001000 00001001 00101111 00110011 00001010 00000001 00000000 
00000100 00001100 00001010 00101111 11000001 11111111 01111111 00000000 
10000000 00000110 00000001 00000000 00000100 00001000 00001011 00101111 
00110011 00000111 00000001 00000000 00000100 00001100 00001100 00101111 
11000101 11111111 11111111 00000000 10000000 00001001 00000001 00000000 
00000100 00001000 00001101 00101111 00110011 00001010 00000001 00000000 
00000100 00001100 00001110 00101111 11000001 11111111 01111111 00000000 
10000000 00000110 00000001 00000000 00000100 00001000 00001111 00101111 
00110011 00000111 00000001 00000000 00000100 00001100 00010000 00101111 
11000101 11111111 11111111 00000000 10000000 00001001 00000001 00000000 
00000100 00001000 00010001 00101111 00110011 00001010 00000001 00000000 
00000100 00001100 00010010 00101111 11000001 11111111 01111111 00000000 
10000000 00000110 00000001 00000000 00000100 00001000 00010011 00101111 
00110011 00000111 00000001 00000000 00000100 00001100 00010100 00101111 
11000101 11111111 11111111 00000000 10000000 00001001 00000001 00000000 
00000100 00001000 00010101 00101111 00110011 00001010 00000001 00000000 
00000100 00001100 00010110 00101111 11000001 11111111 01111111 00000000 
10000000 00000110 00000001 00000000 00000100 00001000 00010111 00101111 
00110011 00000111 00000001 00000000 00000100 00001100 00011000 00101111 
11000101 11111111 11111111 00000000 10000000 00001001 00000001 00000000 
00000100 00001000 00011001 00101111 00110011 00001010 00000001 00000000 
00000100 00001100 00011010 00101111 11000001 11111111 01111111 00000000 
10000000 00000110 00000001 00000000 00000100 00001000 00011011 00101111 
00110011 00000111 00000001 00000000 00000100 00001100 00011100 00101111 
11000101 11111111 11111111 00000000 10000000 00001001 00000001 00000000 
00000100 00001000 00011101 00101111 00110011 00001010 00000001 00000000 
00000100 00001100 00011110 00101111 11000001 11111111 01111111 00000000 
10000000 00000110 00000001 00000000 00000100 00001000 00011111 00101111 
00110011 00000111 00000001 00000000 00000100 00001100 00100000 00101111 
11000101 11111111 11111111 00000000 10000000 00001001 00000001 00000000 
00000100 00001000 00100001 00101111 00110011 00001010 00000001 00000000 
00000100 00001100 00100010 00101111 11000001 11111111 01111111 00000000 
10000000 00000110 00000001 00000000 00000100 00001000 00100011 00101111 
00110011 00000111 00000001 00000000 00000100 00001100 00100100 00101111 
11000101 11111111 11111111 00000000 10000000 00001001 00000001 00000000 
00000100 00001000 00100101 00101111 00110011 00001010 00000001 00000000 
00000100 00001100 00100110 00101111 11000001 11111111 01111111 00000000 
10000000 00000110 00000001 00000000 00000100 00001000 00100111 00101111 
00110011 00000111 00000001 00000000 00000100 00001100 00101000 00101111 
11000101 11111111 11111111 00000000 10000000 00001001 00000001 00000000 
00000100 00001000 00101001 00101111 00110011 00001010 00000001 00000000 
00000100 00001100 00101010 00101111 11000001 11111111 01111111 00000000 
10000000 00000110 00000001 00000000 00000100 00001000 00101011 00101111 
00110011 00000111 00000001 00000000 00000100 00001100 00101100 00101111 
11000101 11111111 11111111 00000000 10000000 00001001 00000001 00000000 
00000100 00001000 00101101 00101111 00110011 00001010 00000001 00000000 
00000100 00001100 00101110 00101111 11000001 11111111 01111111 00000000 
10000000 00000110 00000001 00000000 00000100 00001000 00101111 00101111 
00110011 00000111 00000001 00000000 00000100 00001100 00110000 00101111 
11000101 11111111 11111111 00000000 10000000 00001001 00000001 00000000 
00000100 00001000 00110001 00101111 00110011 00001010 00000001 00000000 
00000100 00001100 00110010 00101111 11000001 11111111 01111111 00000000 
10000000 00000110 00000001 00000000 00000100 00001000 00110011 00101111 
00110011 00000111 00000001 00000000 00000100 00001100 00110100 00101111 
11000101 11111111 11111111 00000000 10000000 00001001 00000001 00000000 
00000100 00001000 00110101 00101111 00110011 00001010 00000001 00000000 
00000100 00001100 00110110 00101111 11000001 11111111 01111111 00000000 
10000000 00000110 00000001 00000000 00000100 00001000 00110111 00101111 
00110011 00000111 00000001 00000000 00000100 00001100 00111000 00101111 
11000101 11111111 11111111 00000000 10000000 00001001 00000001 00000000 
00000100 00001000 00111001 00101111 00110011 00001010 00000001 00000000 
00000100 00001100 00111010 00101111 11000001 11111111 01111111 00000000 
10000000 00000110 00000001 00000000 00000100 00001000 00111011 00101111 
00110011 00000111 00000001 00000000 00000100 00001100 00111100 00101111 
11000101 11111111 11111111 00000000 10000000 00001001 00000001 00000000 
00000100 00001000 00111101 00101111 00110011 00001010 00000001 00000000 
00000100 00001100 00111110 00101111 11000001 11111111 01111111 00000000 
10000000 00000110 00000001 00000000 00000100 00001000 00111111 00101111 
00110011 00000111 00000001 00000000 00000100 00001100 01000000 00101111 
11000101 11111111 11111111 00000000 10000000 00001001 00000001 00000000 
00000100 00001000 01000001 00101111 00110011 00001010 00000001 00000000 
00000100 00001100 01000010 00101111 11000001 11111111 01111111 00000000 
10000000 00000110 00000001 00000000 00000100 00001000 01000011 00101111 
00110011 00000111 00000001 00000000 00000100 00001100 01000100 00101111 
11000101 11111111 11111111 00000000 10000000 00001001 00000001 00000000 
00000100 00001000 01000101 00101111 00110011 00001010 00000001 00000000 
00000100 00001100 01000110 00101111 11000001 11111111 01111111 00000000 
10000000 00000110 00000001 00000000 00000100 00001000 01000111 00101111 
00110011 00000111 00000001 00000000 00000100 00001100 01001000 00101111 
11000101 11111111 11111111 00000000 10000000 00001001 00000001 00000000 
00000100 00001000 01001001 00101111 00110011 00001010 00000001 00000000 
00000100 00001100 01001010 00101111 11000001 11111111 01111111 00000000 
10000000 00000110 00000001 00000000 00000100 00001000 01001011 00101111 
00110011 00000111 00000001 00000000 00000100 00001100 01001100 00101111 
11000101 11111111 11111111 00000000 10000000 00001001 00000001 00000000 
00000100 00001000 01001101 00101111 00110011 00001010 00000001 00000000 
00000100 00001100 01001110 00101111 11000001 11111111 01111111 00000000 
10000000 00000110 00000001 00000000 00000100 00001000 01001111 00101111 
00110011 00000111 00000001 00000000 00000100 00001100 01010000 00101111 
11000101 11111111 11111111 00000000 10000000 00001001 00000001 00000000 
00000100 00001000 01010001 00101111 00110011 00001010 00000001 00000000 
00000100 00001100 01010010 00101111 11000001 11111111 01111111 00000000 
10000000 00000110 00000001 00000000 00000100 00001000 01010011 00101111 
00110011 00000111 00000001 00000000 00000100 00001100 01010100 00101111 
11000101 11111111 11111111 00000000 10000000 00001001 00000001 00000000 
00000100 00001000 01010101 00101111 00110011 00001010 00000001 00000000 
00000100 00001100 01010110 00101111 11000001 11111111 01111111 00000000 
10000000 00000110 00000001 00000000 00000100 00001000 01010111 00101111 
00110011 00000111 00000001 00000000 00000100 00001100 01011000 00101111 
11000101 11111111 11111111 00000000 10000000 00001001 00000001 00000000 
00000100 00001000 01011001 00101111 00110011 00001010 00000001 00000000 
00000100 00001100 01011010 00101111 11000001 11111111 01111111 00000000 
10000000 00000110 00000001 00000000 00000100 00001000 01011011 00101111 
00110011 00000111 00000001 00000000 00000100 00001100 01011100 00101111 
11000101 11111111 11111111 00000000 10000000 00001001 00000001 00000000 
00000100 00001000 01011101 00101111 00110011 00001010 00000001 00000000 
00000100 00001100 01011110 00101111 11000001 11111111 01111111 00000000 
10000000 00000110 00000001 00000000 00000100 00001000 01011111 00101111 
00110011 00000111 00000001 00000000 00000100 00001100 01100000 00101111 
11000101 11111111 11111111 00000000 10000000 00001001 00000001 00000000 
00000100 00001000 01100001 00101111 00110011 00001010 00000001 00000000 
00000100 00001100 01100010 00101111 11000001 11111111 01111111 00000000 
10000000 00000110 00000001 00000000 00000100 00001000 01100011 00101111 
00110011 00000111 00000001 00000000 00000100 00001100 01100100 00101111 
11000101 11111111 11111111 00000000 10000000 00001001 00000001 00000000 
00000100 00001000 01100101 00101111 00110011 00001010 00000001 00000000 
00000100 00001100 01100110 00101111 11000001 11111111 01111111 00000000 
10000000 00000110 00000001 00000000 00000100 00001000 01100111 00101111 
00110011 00000111 00000001 00000000 00000100 00001100 01101000 00101111 
11000101 11111111 11111111 00000000 10000000 00001001 00000001 00000000 
00000100 00001000 01101001 00101111 00110011 00001010 00000001 00000000 
00000100 00001100 01101010 00101111 11000001 11111111 01111111 00000000 
10000000 00000110 00000001 00000000 00000100 00001000 01101011 00101111 
00110011 00000111 00000001 00000000 00000100 00001100 01101100 00101111 
11000101 11111111 11111111 00000000 10000000 00001001 00000001 00000000 
00000100 00001000 01101101 00101111 00110011 00001010 00000001 00000000 
00000100 00001100 01101110 00101111 11000001 11111111 01111111 00000000 
10000000 00000110 00000001 00000000 00000100 00001000 01101111 00101111 
00110011 00000111 00000001 00000000 00000100 00001100 01110000 00101111 
11000101 11111111 11111111 00000000 10000000 00001001 00000001 00000000 
00000100 00001000 01110001 00101111 00110011 00001010 00000001 00000000 
00000100 00001100 01110010 00101111 11000001 11111111 01111111 00000000 
10000000 00000110 00000001 00000000 00000100 00001000 01110011 00101111 
00110011 00000111 00000001 00000000 00000100 00001100 01110100 00101111 
11000101 11111111 11111111 00000000 10000000 00001001 00000001 00000000 
00000100 00001000 01110101 00101111 00110011 00001010 00000001 00000000 
00000100 00001100 01110110 00101111 11000001 11111111 01111111 00000000 
10000000 00000110 00000001 00000000 00000100 00001000 01110111 00101111 
00110011 00000111 00000001 00000000 00000100 00001100 01111000 00101111 
11000101 11111111 11111111 00000000 10000000 00001001 00000001 00000000 
00000100 00001000 01111001 00101111 00110011 00001010 00000001 00000000 
00000100 00001100 01111010 00101111 11000001 11111111 01111111 00000000 
10000000 00000110 00000001 00000000 00000100 00001000 01111011 00101111 
00110011 00000111 00000001 00000000 00000100 00001100 01111100 00101111 
11000101 11111111 11111111 00000000 10000000 00001001 00000001 00000000 
00000100 00001000 01111101 00101111 00110011 00001010 00000001 00000000 
00000100 00001100 01111110 00101111 11000001 11111111 01111111 00000000 
10000000 00000110 00000001 00000000 00000100 00001000 01111111 00101111 
00110011 00000111 00000001 00000000 00000100 00001100 10000000 00101111 
11000101 11111111 11111111 00000000 10000000 00001001 00000001 00000000 
00000100 00000000 00000000 00000000 00000000 00000000 00000000 00000000 
00000000 00000000 00000000 00000000 00000000 00000000 00000000 00001000 
10000001 00101111 00110011 00001010 00000001 00000000 00000100 00001100 
10000010 00101111 11000001 11111111 01111111 00000000 10000000 00000110 
00000001 00000000 00000100 00001000 10000011 00101111 00110011 00000111 
00000001 00000000 00000100 00001100 10000100 00101111 11000101 11111111 
11111111 00000000 10000000 00001001 00000001 00000000 00000100 00001000 
10000101 00101111 00110011 00001010 00000001 00000000 00000100 00001100 
10000110 00101111 11000001 11111111 01111111 00000000 10000000 00000110 
00000001 00000000 00000100 00001000 10000111 00101111 00110011 00000111 
00000001 00000000 00000100 00001100 10001000 00101111 11000101 11111111 
11111111 00000000 10000000 00001001 00000001 00000000 00000100 00001000 
10001001 00101111 00110011 00001010 00000001 00000000 00000100 00001100 
10001010 00101111 11000001 11111111 01111111 00000000 10000000 00000110 
00000001 00000000 00000100 00001000 10001011 00101111 00110011 00000111 
00000001 00000000 00000100 00001100 10001100 00101111 11000101 11111111 
11111111 00000000 10000000 00001001 00000001 00000000 00000100 00001000 
10001101 00101111 00110011 00001010 00000001 00000000 00000100 00001100 
10001110 00101111 11000001 11111111 01111111 00000000 10000000 00000110 
00000001 00000000 00000100 00001000 10001111 00101111 00110011 00000111 
00000001 00000000 00000100 00001100 10010000 00101111 11000101 11111111 
11111111 00000000 10000000 00001001 00000001 00000000 00000100 00001000 
10010001 00101111 00110011 00001010 00000001 00000000 00000100 00001100 
10010010 00101111 11000001 11111111 01111111 00000000 10000000 00000110 
00000001 00000000 00000100 00001000 10010011 00101111 00110011 00000111 
00000001 00000000 00000100 00001100 10010100 00101111 11000101 11111111 
11111111 00000000 10000000 00001001 00000001 00000000 00000100 00001000 
10010101 00101111 00110011 00001010 00000001 00000000 00000100 00001100 
10010110 00101111 11000001 11111111 01111111 00000000 10000000 00000110 
00000001 00000000 00000100 00001000 10010111 00101111 00110011 00000111 
00000001 00000000 00000100 00001100 10011000 00101111 11000101 11111111 
11111111 00000000 10000000 00001001 00000001 00000000 00000100 00001000 
10011001 00101111 00110011 00001010 00000001 00000000 00000100 00001100 
10011010 00101111 11000001 11111111 01111111 00000000 10000000 00000110 
00000001 00000000 00000100 00001000 10011011 00101111 00110011 00000111 
00000001 00000000 00000100 00001100 10011100 00101111 11000101 11111111 
11111111 00000000 10000000 00001001 00000001 00000000 00000100 00001000 
10011101 00101111 00110011 00001010 00000001 00000000 00000100 00001100 
10011110 00101111 11000001 11111111 01111111 00000000 10000000 00000110 
00000001 00000000 00000100 00001000 10011111 00101111 00110011 00000111 
00000001 00000000 00000100 00001100 10100000 00101111 11000101 11111111 
11111111 00000000 10000000 00001001 00000001 00000000 00000100 00001000 
10100001 00101111 00110011 00001010 00000001 00000000 00000100 00001100 
10100010 00101111 11000001 11111111 01111111 00000000 10000000 00000110 
00000001 00000000 00000100 00001000 10100011 00101111 00110011 00000111 
00000001 00000000 00000100 00001100 10100100 00101111 11000101 11111111 
11111111 00000000 10000000 00001001 00000001 00000000 00000100 00001000 
10100101 00101111 00110011 00001010 00000001 00000000 00000100 00001100 
10100110 00101111 11000001 11111111 01111111 00000000 10000000 00000110 
00000001 00000000 00000100 00001000 10100111 00101111 00110011 00000111 
00000001 00000000 00000100 00001100 10101000 00101111 11000101 11111111 
11111111 00000000 10000000 00001001 00000001 00000000 00000100 00001000 
10101001 00101111 00110011 00001010 00000001 00000000 00000100 00001100 
10101010 00101111 11000001 11111111 01111111 00000000 10000000 00000110 
00000001 00000000 00000100 00001000 10101011 00101111 00110011 00000111 
00000001 00000000 00000100 00001100 10101100 00101111 11000101 11111111 
11111111 00000000 10000000 00001001 00000001 00000000 00000100 00001000 
10101101 00101111 00110011 00001010 00000001 00000000 00000100 00001100 
10101110 00101111 11000001 11111111 01111111 00000000 10000000 00000110 
00000001 00000000 00000100 00001000 10101111 00101111 00110011 00000111 
00000001 00000000 00000100 00001100 10110000 00101111 11000101 11111111 
11111111 00000000 10000000 00001001 00000001 00000000 00000100 00001000 
10110001 00101111 00110011 00001010 00000001 00000000 00000100 00001100 
10110010 00101111 11000001 11111111 01111111 00000000 10000000 00000110 
00000001 00000000 00000100 00001000 10110011 00101111 00110011 00000111 
00000001 00000000 00000100 00001100 10110100 00101111 11000101 11111111 
11111111 00000000 10000000 00001001 00000001 00000000 00000100 00001000 
10110101 00101111 00110011 00001010 00000001 00000000 00000100 00001100 
10110110 00101111 11000001 11111111 01111111 00000000 10000000 00000110 
00000001 00000000 00000100 00001000 10110111 00101111 00110011 00000111 
00000001 00000000 00000100 00001100 10111000 00101111 11000101 11111111 
11111111 00000000 10000000 00001001 00000001 00000000 00000100 00001000 
10111001 00101111 00110011 00001010 00000001 00000000 00000100 00001100 
10111010 00101111 11000001 11111111 01111111 00000000 10000000 00000110 
00000001 00000000 00000100 00001000 10111011 00101111 00110011 00000111 
00000001 00000000 00000100 00001100 10111100 00101111 11000101 11111111 
11111111 00000000 10000000 00001001 00000001 00000000 00000100 00001000 
10111101 00101111 00110011 00001010 00000001 00000000 00000100 00001100 
10111110 00101111 11000001 11111111 01111111 00000000 10000000 00000110 
00000001 00000000 00000100 00001000 10111111 00101111 00110011 00000111 
00000001 00000000 00000100 00001100 11000000 00101111 11000101 11111111 
11111111 00000000 10000000 00001001 00000001 00000000 00000100 00001000 
11000001 00101111 00110011 00001010 00000001 00000000 00000100 00001100 
11000010 00101111 11000001 11111111 01111111 00000000 10000000 00000110 
00000001 00000000 00000100 00001000 11000011 00101111 00110011 00000111 
00000001 00000000 00000100 00001100 11000100 00101111 11000101 11111111 
11111111 00000000 10000000 00001001 00000001 00000000 00000100 00001000 
11000101 00101111 00110011 00001010 00000001 00000000 00000100 00001100 
11000110 00101111 11000001 11111111 01111111 00000000 10000000 00000110 
00000001 00000000 00000100 00001000 11000111 00101111 00110011 00000111 
00000001 00000000 00000100 00001100 11001000 00101111 11000101 11111111 
11111111 00000000 10000000 00001001 00000001 00000000 00000100 00001000 
11001001 00101111 00110011 00001010 00000001 00000000 00000100 00001100 
11001010 00101111 11000001 11111111 01111111 00000000 10000000 00000110 
00000001 00000000 00000100 00001000 11001011 00101111 00110011 00000111 
00000001 00000000 00000100 00001100 11001100 00101111 11000101 11111111 
11111111 00000000 10000000 00001001 00000001 00000000 00000100 00001000 
11001101 00101111 00110011 00001010 00000001 00000000 00000100 00001100 
11001110 00101111 11000001 11111111 01111111 00000000 10000000 00000110 
00000001 00000000 00000100 00001000 11001111 00101111 00110011 00000111 
00000001 00000000 00000100 00001100 11010000 00101111 11000101 11111111 
11111111 00000000 10000000 00001001 00000001 00000000 00000100 00001000 
11010001 00101111 00110011 00001010 00000001 00000000 00000100 00001100 
11010010 00101111 11000001 11111111 01111111 00000000 10000000 00000110 
00000001 00000000 00000100 00001000 11010011 00101111 00110011 00000111 
00000001 00000000 00000100 00001100 11010100 00101111 11000101 11111111 
11111111 00000000 10000000 00001001 00000001 00000000 00000100 00001000 
11010101 00101111 00110011 00001010 00000001 00000000 00000100 00001100 
11010110 00101111 11000001 11111111 01111111 00000000 10000000 00000110 
00000001 00000000 00000100 00001000 11010111 00101111 00110011 00000111 
00000001 00000000 00000100 00001100 11011000 00101111 11000101 11111111 
11111111 00000000 10000000 00001001 00000001 00000000 00000100 00001000 
11011001 00101111 00110011 00001010 00000001 00000000 00000100 00001100 
11011010 00101111 11000001 11111111 01111111 00000000 10000000 00000110 
00000001 00000000 00000100 00001000 11011011 00101111 00110011 00000111 
00000001 00000000 00000100 00001100 11011100 00101111 11000101 11111111 
11111111 00000000 10000000 00001001 00000001 00000000 00000100 00001000 
11011101 00101111 00110011 00001010 00000001 00000000 00000100 00001100 
11011110 00101111 11000001 11111111 01111111 00000000 10000000 00000110 
00000001 00000000 00000100 00001000 11011111 00101111 00110011 00000111 
00000001 00000000 00000100 00001100 11100000 00101111 11000101 11111111 
11111111 00000000 10000000 00001001 00000001 00000000 00000100 00001000 
11100001 00101111 00110011 00001010 00000001 00000000 00000100 00001100 
11100010 00101111 11000001 11111111 01111111 00000000 10000000 00000110 
00000001 00000000 00000100 00001000 11100011 00101111 00110011 00000111 
00000001 00000000 00000100 00001100 11100100 00101111 11000101 11111111 
11111111 00000000 10000000 00001001 00000001 00000000 00000100 00001000 
11100101 00101111 00110011 00001010 00000001 00000000 00000100 00001100 
11100110 00101111 11000001 11111111 01111111 00000000 10000000 00000110 
00000001 00000000 00000100 00001000 11100111 00101111 00110011 00000111 
00000001 00000000 00000100 00001100 11101000 00101111 11000101 11111111 
11111111 00000000 10000000 00001001 00000001 00000000 00000100 00001000 
11101001 00101111 00110011 00001010 00000001 00000000 00000100 00001100 
11101010 00101111 11000001 11111111 01111111 00000000 10000000 00000110 
00000001 00000000 00000100 00001000 11101011 00101111 00110011 00000111 
00000001 00000000 00000100 00001100 11101100 00101111 11000101 11111111 
11111111 00000000 10000000 00001001 00000001 00000000 00000100 00001000 
11101101 00101111 00110011 00001010 00000001 00000000 00000100 00001100 
11101110 00101111 11000001 11111111 01111111 00000000 10000000 00000110 
00000001 00000000 00000100 00001000 11101111 00101111 00110011 00000111 
00000001 00000000 00000100 00001100 11110000 00101111 11000101 11111111 
11111111 00000000 10000000 00001001 00000001 00000000 00000100 00001000 
11110001 00101111 00110011 00001010 00000001 00000000 00000100 00001100 
11110010 00101111 11000001 11111111 01111111 00000000 10000000 00000110 
00000001 00000000 00000100 00001000 11110011 00101111 00110011 00000111 
00000001 00000000 00000100 00001100 11110100 00101111 11000101 11111111 
11111111 00000000 10000000 00001001 00000001 00000000 00000100 00001000 
11110101 00101111 00110011 00001010 00000001 00000000 00000100 00001100 
11110110 00101111 11000001 11111111 01111111 00000000 10000000 00000110 
00000001 00000000 00000100 00001000 11110111 00101111 00110011 00000111 
00000001 00000000 00000100 00001100 11111000 00101111 11000101 11111111 
11111111 00000000 10000000 00001001 00000001 00000000 00000100 00001000 
11111001 00101111 00110011 00001010 00000001 00000000 00000100 00001100 
11111010 00101111 11000001 11111111 01111111 00000000 10000000 00000110 
00000001 00000000 00000100 00001000 11111011 00101111 00110011 00000111 
00000001 00000000 00000100 00001100 11111100 00101111 11000101 11111111 
11111111 00000000 10000000 00001001 00000001 00000000 00000100 00001000 
11111101 00101111 00110011 00001010 00000001 00000000 00000100 00001100 
11111110 00101111 11000001 11111111 01111111 00000000 10000000 00000110 
00000001 00000000 00000100 00001000 11111111 00101111 00110011 00000111 
00000001 00000000 00000100 00001100 00000000 00110000 11000101 11111111 
11111111 00000000 10000000 00001001 00000001 00000000 00000100 00000000 
00000000 00000000 00000000 00000000 00000000 00000000 00000000 00000000 
00000000 00000000 00000000 00000000 00000000 00001000 00000001 00110000 
00110011 00001010 00000001 00000000 00000100 00001100 00000010 00110000 
11000001 11111111 01111111 00000000 10000000 00000110 00000001 00000000 
00000100 00001000 00000011 00110000 00110011 00000111 00000001 00000000 
00000100 00001100 00000100 00110000 11000101 11111111 11111111 00000000 
10000000 00001001 00000001 00000000 00000100 00001000 00000101 00110000 
00110011 00001010 00000001 00000000 00000100 00001100 00000110 00110000 
11000001 11111111 01111111 00000000 10000000 00000110 00000001 00000000 
00000100 00001000 00000111 00110000 00110011 00000111 00000001 00000000 
01011101 00100011 10110011 00001001 00000001 00000000 00000100 00001100 
01011110 00100011 11000001 11111111 01111111 00000000 00000000 00000110 
00000001 00000000 00000100 00001000 01011111 00100011 10110011 00000110 
00000001 00000000 00000100 00001100 01100000 00100011 11000101 11111111 
11111111 00000000 00000000 00001001 00000001 00000000 00000100 00001000 
01100001 00100011 10110011 00001001 00000001 00000000 00000100 00001100 
01100010 00100011 11000001 11111111 01111111 00000000 00000000 00000110 
00000001 00000000 00000100 00001000 01100011 00100011 10110011 00000110 
00000001 00000000 00000100 00001100 01100100 00100011 11000101 11111111 
11111111 00000000 00000000 00001001 00000001 00000000 00000100 00001000 
01100101 00100011 10110011 00001001 00000001 00000000 00000100 00001100 
01100110 00100011 11000001 11111111 01111111 00000000 00000000 00000110 
00000001 00000000 00000100 00001000 01100111 00100011 10110011 00000110 
00000001 00000000 00000100 00001100 01101000 00100011 11000101 11111111 
11111111 00000000 00000000 00001001 00000001 00000000 00000100 00001000 
01101001 00100011 10110011 00001001 00000001 00000000 00000100 00001100 
01101010 00100011 11000001 11111111 01111111 00000000 00000000 00000110 
00000001 00000000 00000100 00001000 01101011 00100011 10110011 00000110 
00000001 00000000 00000100 00001100 01101100 00100011 11000101 11111111 
11111111 00000000 00000000 00001001 00000001 00000000 00000100 00001000 
01101101 00100011 10110011 00001001 00000001 00000000 00000100 00001100 
01101110 00100011 11000001 11111111 01111111 00000000 00000000 00000110 
00000001 00000000 00000100 00001000 01101111 00100011 10110011 00000110 
00000001 00000000 00000100 00001100 01110000 00100011 11000101 11111111 
11111111 00000000 00000000 00001001 00000001 00000000 00000100 00001000 
01110001 00100011 10110011 00001001 00000001 00000000 00000100 00001100 
01110010 00100011 11000001 11111111 01111111 00000000 00000000 00000110 
00000001 00000000 00000100 00001000 01110011 00100011 10110011 00000110 
00000001 00000000 00000100 00001100 01110100 00100011 11000101 11111111 
11111111 00000000 00000000 00001001 00000001 00000000 00000100 00001000 
01110101 00100011 10110011 00001001 00000001 00000000 00000100 00001100 
01110110 00100011 11000001 11111111 01111111 00000000 00000000 00000110 
00000001 00000000 00000100 00001000 01110111 00100011 10110011 00000110 
00000001 00000000 00000100 00001100 01111000 00100011 11000101 11111111 
11111111 00000000 00000000 00001001 00000001 00000000 00000100 00001000 
01111001 00100011 10110011 00001001 00000001 00000000 00000100 00001100 
01111010 00100011 11000001 11111111 01111111 00000000 00000000 00000110 
00000001 00000000 00000100 00001000 01111011 00100011 10110011 00000110 
00000001 00000000 00000100 00001100 01111100 00100011 11000101 11111111 
11111111 00000000 00000000 00001001 00000001 00000000 00000100 00001000 
01111101 00100011 10110011 00001001 00000001 00000000 00000100 00001100 
01111110 00100011 11000001 11111111 01111111 00000000 00000000 00000110 
00000001 00000000 00000100 00001000 01111111 00100011 10110011 00000110 
00000001 00000000 00000100 00001100 10000000 00100011 11000101 11111111 
11111111 00000000 00000000 00001001 00000001 00000000 00000100 00000000 
00000000 00000000 00000000 00000000 00000000 00000000 00000000 00000000 
00000000 00000000 00000000 00000000 00000000 00001000 10000001 00100011 
10110011 00001001 00000001 00000000 00000100 00001100 10000010 00100011 
11000001 11111111 01111111 00000000 00000000 00000110 00000001 00000000 
00000100 00001000 10000011 00100011 10110011 00000110 00000001 00000000 
00000100 00001100 10000100 00100011 11000101 11111111 11111111 00000000 
00000000 00001001 00000001 00000000 00000100 00001000 10000101 00100011 
10110011 00001001 00000001 00000000 00000100 00001100 10000110 00100011 
11000001 11111111 01111111 00000000 00000000 00000110 00000001 00000000 
00000100 00001000 10000111 00100011 10110011 00000110 00000001 00000000 
00000100 00001100 10001000 00100011 11000101 11111111 11111111 00000000 
00000000 00001001 00000001 00000000 00000100 00001000 10001001 00100011 
10110011 00001001 00000001 00000000 00000100 00001100 10001010 00100011 
11000001 11111111 01111111 00000000 00000000 00000110 00000001 00000000 
00000100 00001000 10001011 00100011 10110011 00000110 00000001 00000000 
00000100 00001100 10001100 00100011 11000101 11111111 11111111 00000000 
00000000 00001001 00000001 00000000 00000100 00001000 10001101 00100011 
10110011 00001001 00000001 00000000 00000100 00001100 10001110 00100011 
11000001 11111111 01111111 00000000 00000000 00000110 00000001 00000000 
00000100 00001000 10001111 00100011 10110011 00000110 00000001 00000000 
00000100 00001100 10010000 00100011 11000101 11111111 11111111 00000000 
00000000 00001001 00000001 00000000 00000100 00001000 10010001 00100011 
10110011 00001001 00000001 00000000 00000100 00001100 10010010 00100011 
11000001 11111111 01111111 00000000 00000000 00000110 00000001 00000000 
00000100 00001000 10010011 00100011 10110011 00000110 00000001 00000000 
00000100 00001100 10010100 00100011 11000101 11111111 11111111 00000000 
00000000 00001001 00000001 00000000 00000100 00001000 10010101 00100011 
10110011 00001001 00000001 00000000 00000100 00001100 10010110 00100011 
11000001 11111111 01111111 00000000 00000000 00000110 00000001 00000000 
00000100 00001000 10010111 00100011 10110011 00000110 00000001 00000000 
00000100 00001100 10011000 00100011 11000101 11111111 11111111 00000000 
00000000 00001001 00000001 00000000 00000100 00001000 10011001 00100011 
10110011 00001001 00000001 00000000 00000100 00001100 10011010 00100011 
11000001 11111111 01111111 00000000 00000000 00000110 00000001 00000000 
00000100 00001000 10011011 00100011 10110011 00000110 00000001 00000000 
00000100 00001100 10011100 00100011 11000101 11111111 11111111 00000000 
00000000 00001001 00000001 00000000 00000100 00001000 10011101 00100011 
10110011 00001001 00000001 00000000 00000100 00001100 10011110 00100011 
11000001 11111111 01111111 00000000 00000000 00000110 00000001 00000000 
00000100 00001000 10011111 00100011 10110011 00000110 00000001 00000000 
00000100 00001100 10100000 00100011 11000101 11111111 11111111 00000000 
00000000 00001001 00000001 00000000 00000100 00001000 10100001 00100011 
10110011 00001001 00000001 00000000 00000100 00001100 10100010 00100011 
11000001 11111111 01111111 00000000 00000000 00000110 00000001 00000000 
00000100 00001000 10100011 00100011 10110011 00000110 00000001 00000000 
00000100 00001100 10100100 00100011 11000101 11111111 11111111 00000000 
00000000 00001001 00000001 00000000 00000100 00001000 10100101 00100011 
10110011 00001001 00000001 00000000 00000100 00001100 10100110 00100011 
11000001 11111111 01111111 00000000 00000000 00000110 00000001 00000000 
00000100 00001000 10100111 00100011 10110011 00000110 00000001 00000000 
00000100 00001100 10101000 00100011 11000101 11111111 11111111 00000000 
00000000 00001001 00000001 00000000 00000100 00001000 10101001 00100011 
10110011 00001001 00000001 00000000 00000100 00001100 10101010 00100011 
11000001 11111111 01111111 00000000 00000000 00000110 00000001 00000000 
00000100 00001000 10101011 00100011 10110011 00000110 00000001 00000000 
00000100 00001100 10101100 00100011 11000101 11111111 11111111 00000000 
00000000 00001001 00000001 00000000 00000100 00001000 10101101 00100011 
10110011 00001001 00000001 00000000 00000100 00001100 10101110 00100011 
11000001 11111111 01111111 00000000 00000000 00000110 00000001 00000000 
00000100 00001000 10101111 00100011 10110011 00000110 00000001 00000000 
00000100 00001100 10110000 00100011 11000101 11111111 11111111 00000000 
00000000 00001001 00000001 00000000 00000100 00001000 10110001 00100011 
10110011 00001001 00000001 00000000 00000100 00001100 10110010 00100011 
11000001 11111111 01111111 00000000 00000000 00000110 00000001 00000000 
00000100 00001000 10110011 00100011 10110011 00000110 00000001 00000000 
00000100 00001100 10110100 00100011 11000101 11111111 11111111 00000000 
00000000 00001001 00000001 00000000 00000100 00001000 10110101 00100011 
10110011 00001001 00000001 00000000 00000100 00001100 10110110 00100011 
11000001 11111111 01111111 00000000 00000000 00000110 00000001 00000000 
00000100 00001000 10110111 00100011 10110011 00000110 00000001 00000000 
00000100 00001100 10111000 00100011 11000101 11111111 11111111 00000000 
00000000 00001001 00000001 00000000 00000100 00001000 10111001 00100011 
10110011 00001001 00000001 00000000 00000100 00001100 10111010 00100011 
11000001 11111111 01111111 00000000 00000000 00000110 00000001 00000000 
00000100 00001000 10111011 00100011 10110011 00000110 00000001 00000000 
00000100 00001100 10111100 00100011 11000101 11111111 11111111 00000000 
00000000 00001001 00000001 00000000 00000100 00001000 10111101 00100011 
10110011 00001001 00000001 00000000 00000100 00001100 10111110 00100011 
11000001 11111111 01111111 00000000 00000000 00000110 00000001 00000000 
00000100 00001000 10111111 00100011 10110011 00000110 00000001 00000000 
00000100 00001100 11000000 00100011 11000101 11111111 11111111 00000000 
00000000 00001001 00000001 00000000 00000100 00001000 11000001 00100011 
10110011 00001001 00000001 00000000 00000100 00001100 11000010 00100011 
11000001 11111111 01111111 00000000 00000000 00000110 00000001 00000000 
00000100 00001000 11000011 00100011 10110011 00000110 00000001 00000000 
00000100 00001100 11000100 00100011 11000101 11111111 11111111 00000000 
00000000 00001001 00000001 00000000 00000100 00001000 11000101 00100011 
10110011 00001001 00000001 00000000 00000100 00001100 11000110 00100011 
11000001 11111111 01111111 00000000 00000000 00000110 00000001 00000000 
00000100 00001000 11000111 00100011 10110011 00000110 00000001 00000000 
00000100 00001100 11001000 00100011 11000101 11111111 11111111 00000000 
00000000 00001001 00000001 00000000 00000100 00001000 11001001 00100011 
10110011 00001001 00000001 00000000 00000100 00001100 11001010 00100011 
11000001 11111111 01111111 00000000 00000000 00000110 00000001 00000000 
00000100 00001000 11001011 00100011 10110011 00000110 00000001 00000000 
00000100 00001100 11001100 00100011 11000101 11111111 11111111 00000000 
00000000 00001001 00000001 00000000 00000100 00001000 11001101 00100011 
10110011 00001001 00000001 00000000 00000100 00001100 11001110 00100011 
11000001 11111111 01111111 00000000 00000000 00000110 00000001 00000000 
00000100 00001000 11001111 00100011 10110011 00000110 00000001 00000000 
00000100 00001100 11010000 00100011 11000101 11111111 11111111 00000000 
00000000 00001001 00000001 00000000 00000100 00001000 11010001 00100011 
10110011 00001001 00000001 00000000 00000100 00001100 11010010 00100011 
11000001 11111111 01111111 00000000 00000000 00000110 00000001 00000000 
00000100 00001000 11010011 00100011 10110011 00000110 00000001 00000000 
00000100 00001100 11010100 00100011 11000101 11111111 11111111 00000000 
00000000 00001001 00000001 00000000 00000100 00001000 11010101 00100011 
10110011 00001001 00000001 00000000 00000100 00001100 11010110 00100011 
11000001 11111111 01111111 00000000 00000000 00000110 00000001 00000000 
00000100 00001000 11010111 00100011 10110011 00000110 00000001 00000000 
00000100 00001100 11011000 00100011 11000101 11111111 11111111 00000000 
00000000 00001001 00000001 00000000 00000100 00001000 11011001 00100011 
10110011 00001001 00000001 00000000 00000100 00001100 11011010 00100011 
11000001 11111111 01111111 00000000 00000000 00000110 00000001 00000000 
00000100 00001000 11011011 00100011 10110011 00000110 00000001 00000000 
00000100 00001100 11011100 00100011 11000101 11111111 11111111 00000000 
00000000 00001001 00000001 00000000 00000100 00001000 11011101 00100011 
10110011 00001001 00000001 00000000 00000100 00001100 11011110 00100011 
11000001 11111111 01111111 00000000 00000000 00000110 00000001 00000000 
00000100 00001000 11011111 00100011 10110011 00000110 00000001 00000000 
00000100 00001100 11100000 00100011 11000101 11111111 11111111 00000000 
00000000 00001001 00000001 00000000 00000100 00001000 11100001 00100011 
10110011 00001001 00000001 00000000 00000100 00001100 11100010 00100011 
11000001 11111111 01111111 00000000 00000000 00000110 00000001 00000000 
00000100 00001000 11100011 00100011 10110011 00000110 00000001 00000000 
00000100 00001100 11100100 00100011 11000101 11111111 11111111 00000000 
00000000 00001001 00000001 00000000 00000100 00001000 11100101 00100011 
10110011 00001001 00000001 00000000 00000100 00001100 11100110 00100011 
11000001 11111111 01111111 00000000 00000000 00000110 00000001 00000000 
00000100 00001000 11100111 00100011 10110011 00000110 00000001 00000000 
00000100 00001100 11101000 00100011 11000101 11111111 11111111 00000000 
00000000 00001001 00000001 00000000 00000100 00001000 11101001 00100011 
10110011 00001001 00000001 00000000 00000100 00001100 11101010 00100011 
11000001 11111111 01111111 00000000 00000000 00000110 00000001 00000000 
00000100 00001000 11101011 00100011 10110011 00000110 00000001 00000000 
00000100 00001100 11101100 00100011 11000101 11111111 11111111 00000000 
00000000 00001001 00000001 00000000 00000100 00001000 11101101 00100011 
10110011 00001001 00000001 00000000 00000100 00001100 11101110 00100011 
11000001 11111111 01111111 00000000 00000000 00000110 00000001 00000000 
00000100 00001000 11101111 00100011 10110011 00000110 00000001 00000000 
00000100 00001100 11110000 00100011 11000101 11111111 11111111 00000000 
00000000 00001001 00000001 00000000 00000100 00001000 11110001 00100011 
10110011 00001001 00000001 00000000 00000100 00001100 11110010 00100011 
11000001 11111111 01111111 00000000 00000000 00000110 00000001 00000000 
00000100 00001000 11110011 00100011 10110011 00000110 00000001 00000000 
00000100 00001100 11110100 00100011 11000101 11111111 11111111 00000000 
00000000 00001001 00000001 00000000 00000100 00001000 11110101 00100011 
10110011 00001001 00000001 00000000 00000100 00001100 11110110 00100011 
11000001 11111111 01111111 00000000 00000000 00000110 00000001 00000000 
00000100 00001000 11110111 00100011 10110011 00000110 00000001 00000000 
00000100 00001100 11111000 00100011 11000101 11111111 11111111 00000000 
00000000 00001001 00000001 00000000 00000100 00001000 11111001 00100011 
10110011 00001001 00000001 00000000 00000100 00001100 11111010 00100011 
11000001 11111111 01111111 00000000 00000000 00000110 00000001 00000000 
00000100 00001000 11111011 00100011 10110011 00000110 00000001 00000000 
00000100 00001100 11111100 00100011 11000101 11111111 11111111 00000000 
00000000 00001001 00000001 00000000 00000100 00001000 11111101 00100011 
10110011 00001001 00000001 00000000 00000100 00001100 11111110 00100011 
11000001 11111111 01111111 00000000 00000000 00000110 00000001 00000000 
00000100 00001000 11111111 00100011 10110011 00000110 00000001 00000000 
00000100 00001100 00000000 00100100 11000101 11111111 11111111 00000000 
00000000 00001001 00000001 00000000 00000100 00000000 00000000 00000000 
00000000 00000000 00000000 00000000 00000000 00000000 00000000 00000000 
00000000 00000000 00000000 00001000 00000001 00100100 10110011 00001001 
00000001 00000000 00000100 00001100 00000010 00100100 11000001 11111111 
01111111 00000000 00000000 00000110 00000001 00000000 00000100 00001000 
00000011 00100100 10110011 00000110 00000001 00000000 00000100 00001100 
00000100 00100100 11000101 11111111 11111111 00000000 00000000 00001001 
00000001 00000000 00000100 00001000 00000101 00100100 10110011 00001001 
00000001 00000000 00000100 00001100 00000110 00100100 11000001 11111111 
01111111 00000000 00000000 00000110 00000001 00000000 00000100 00001000 
00000111 00100100 10110011 00000110 00000001 00000000 00000100 00001100 
00001000 00100100 11000101 11111111 11111111 00000000 00000000 00001001 
00000001 00000000 00000100 00001000 00001001 00100100 10110011 00001001 
00000001 00000000 00000100 00001100 00001010 00100100 11000001 11111111 
01111111 00000000 00000000 00000110 00000001 00000000 00000100 00001000 
00001011 00100100 10110011 00000110 00000001 00000000 00000100 00001100 
00001100 00100100 11000101 11111111 11111111 00000000 00000000 00001001 
00000001 00000000 00000100 00001000 00001101 00100100 10110011 00001001 
00000001 00000000 00000100 00001100 00001110 00100100 11000001 11111111 
01111111 00000000 00000000 00000110 00000001 00000000 00000100 00001000 
00001111 00100100 10110011 00000110 00000001 00000000 00000100 00001100 
00010000 00100100 11000101 11111111 11111111 00000000 00000000 00001001 
00000001 00000000 00000100 00001000 00010001 00100100 10110011 00001001 
00000001 00000000 00000100 00001100 00010010 00100100 11000001 11111111 
01111111 00000000 00000000 00000110 00000001 00000000 00000100 00001000 
00010011 00100100 10110011 00000110 00000001 00000000 00000100 00001100 
